model_name,architecture_type,history_span_seconds,horizon_k,lead_time_seconds,val_f1,test_f1,test_pr_auc,test_roc_auc,test_recall,test_precision
Logistic_Regression,Static_1step,10.0,1,2.0,0.1514,0.2766,0.5038,0.7274,0.178,0.6201
Logistic_Regression,Static_1step,10.0,3,6.0,0.1442,0.4532,0.481,0.7221,0.4904,0.4212
Logistic_Regression,Static_1step,10.0,5,10.0,0.1435,0.4564,0.4499,0.7064,0.5263,0.403
Logistic_Regression,Static_1step,10.0,10,20.0,0.1439,0.2945,0.4037,0.6699,0.2506,0.3572
Logistic_Regression,Temporal_10step,28.0,1,2.0,0.1438,0.2843,0.4986,0.7311,0.1916,0.5506
Logistic_Regression,Temporal_10step,28.0,3,6.0,0.1426,0.3464,0.4614,0.7094,0.2871,0.4364
Logistic_Regression,Temporal_10step,28.0,5,10.0,0.1415,0.352,0.4551,0.7049,0.3038,0.4185
Logistic_Regression,Temporal_10step,28.0,10,20.0,0.1455,0.1114,0.4038,0.6646,0.0623,0.5225
Random_Forest,Static_1step,10.0,1,2.0,0.4484,0.2892,0.614,0.8032,0.178,0.7703
Random_Forest,Static_1step,10.0,3,6.0,0.2838,0.2963,0.5936,0.7889,0.1856,0.7338
Random_Forest,Static_1step,10.0,5,10.0,0.1436,0.5778,0.5633,0.775,0.838,0.4409
Random_Forest,Static_1step,10.0,10,20.0,0.1435,0.5688,0.5715,0.7762,0.8433,0.4292
Random_Forest,Temporal_10step,28.0,1,2.0,0.4395,0.2752,0.5888,0.7877,0.1655,0.8151
Random_Forest,Temporal_10step,28.0,3,6.0,0.2639,0.2552,0.5675,0.7721,0.1541,0.7426
Random_Forest,Temporal_10step,28.0,5,10.0,0.1438,0.573,0.5441,0.7617,0.845,0.4335
Random_Forest,Temporal_10step,28.0,10,20.0,0.1461,0.5831,0.551,0.7661,0.8204,0.4523
GRU,Temporal_10step,28.0,1,2.0,0.2313,0.109,0.5289,0.7773,0.0589,0.7261
GRU,Temporal_10step,28.0,3,6.0,0.1509,0.1188,0.4889,0.7528,0.0653,0.6553
GRU,Temporal_10step,28.0,5,10.0,0.1278,0.2293,0.4753,0.7402,0.154,0.4486
GRU,Temporal_10step,28.0,10,20.0,0.135,0.2456,0.4525,0.7181,0.1699,0.4433
Temporal_Transformer,Temporal_10step,28.0,1,2.0,0.3572,0.0684,0.4711,0.7426,0.0359,0.738
Temporal_Transformer,Temporal_10step,28.0,3,6.0,0.2066,0.0745,0.4434,0.7246,0.0395,0.6619
Temporal_Transformer,Temporal_10step,28.0,5,10.0,0.1282,0.191,0.4355,0.7186,0.1288,0.3693
Temporal_Transformer,Temporal_10step,28.0,10,20.0,0.1339,0.2198,0.4225,0.7072,0.1582,0.36
