model_name,horizon_k,lead_time_seconds,f1_37d_base,f1_54d_with_deltas,f1_delta_gain,pr_auc_37d_base,pr_auc_54d_with_deltas,pr_auc_gain
Logistic_Regression,1,2.0,0.3296,0.2766,-0.053,0.5181,0.5038,-0.0143
Logistic_Regression,3,6.0,0.3826,0.4532,0.0706,0.4957,0.481,-0.0147
Logistic_Regression,5,10.0,0.4729,0.4564,-0.0165,0.4633,0.4499,-0.0134
Logistic_Regression,10,20.0,0.3051,0.2945,-0.0106,0.4113,0.4037,-0.0076
Random_Forest,1,2.0,0.2827,0.2892,0.0065,0.6185,0.614,-0.0045
Random_Forest,3,6.0,0.323,0.2963,-0.0267,0.6078,0.5936,-0.0142
Random_Forest,5,10.0,0.5794,0.5778,-0.0016,0.575,0.5633,-0.0117
Random_Forest,10,20.0,0.5757,0.5688,-0.0069,0.5754,0.5715,-0.0039
GRU,1,2.0,0.1112,0.109,-0.0022,0.4616,0.5289,0.0673
GRU,3,6.0,0.1258,0.1188,-0.007,0.4454,0.4889,0.0435
GRU,5,10.0,0.2341,0.2293,-0.0048,0.4323,0.4753,0.043
GRU,10,20.0,0.2275,0.2456,0.0181,0.404,0.4525,0.0485
Temporal_Transformer,1,2.0,0.1027,0.0684,-0.0343,0.4532,0.4711,0.0179
Temporal_Transformer,3,6.0,0.1028,0.0745,-0.0283,0.4207,0.4434,0.0227
Temporal_Transformer,5,10.0,0.2178,0.191,-0.0268,0.4313,0.4355,0.0042
Temporal_Transformer,10,20.0,0.2311,0.2198,-0.0113,0.4077,0.4225,0.0148
