strategy_category,strategy_name,parameters,threshold,pr_auc,roc_auc,precision,recall,f1,fpr,false_alarms_per_hour,tp_windows,fp_windows,tn_windows,fn_windows,event_count,events_detected,event_recall,lead_time_median_sec,lead_time_mean_sec,lead_time_min_sec,lead_time_max_sec,family_recalls,lead_times_list
1_Single_Window_Raw,Raw_Window_Calibrated_F1,threshold=0.04,0.04,0.0014,0.6059,0.0018,0.9273,0.0037,0.6096,1095.93,51,27721,17754,4,7,7,1.0,20.0,15.7,4.0,20.0,"{'Infiltration': 1.0, 'Botnet': 1.0}","[20.0, 20.0, 20.0, 20.0, 6.0, 20.0, 4.0]"
1_Single_Window_Raw,Raw_Window_Calibrated_FPR5,threshold=0.99,0.99,0.0014,0.6059,0.0,0.0,0.0,0.0,0.0,0,0,45475,55,7,0,0.0,0.0,0.0,0.0,0.0,"{'Infiltration': 0.0, 'Botnet': 0.0}",[]
1_Single_Window_Raw,Raw_Window_High_Precision,threshold=0.50,0.5,0.0014,0.6059,0.0,0.0,0.0,0.0305,54.76,0,1385,44090,55,7,0,0.0,0.0,0.0,0.0,0.0,"{'Infiltration': 0.0, 'Botnet': 0.0}",[]
2_Consecutive_Windows,Consecutive_2_Windows,"threshold=0.04, N=2",0.04,0.0014,0.6059,0.0019,0.9091,0.0037,0.5909,1062.33,50,26871,18604,5,7,7,1.0,20.0,15.7,4.0,20.0,"{'Infiltration': 1.0, 'Botnet': 1.0}","[20.0, 20.0, 20.0, 20.0, 6.0, 20.0, 4.0]"
2_Consecutive_Windows,Consecutive_3_Windows,"threshold=0.04, N=3",0.04,0.0014,0.6059,0.0019,0.8909,0.0037,0.5761,1035.76,49,26199,19276,6,7,7,1.0,20.0,15.7,4.0,20.0,"{'Infiltration': 1.0, 'Botnet': 1.0}","[20.0, 20.0, 20.0, 20.0, 6.0, 20.0, 4.0]"
2_Consecutive_Windows,Consecutive_5_Windows,"threshold=0.04, N=5",0.04,0.0014,0.6059,0.0019,0.8545,0.0037,0.5525,993.34,47,25126,20349,8,7,7,1.0,20.0,15.7,4.0,20.0,"{'Infiltration': 1.0, 'Botnet': 1.0}","[20.0, 20.0, 20.0, 20.0, 6.0, 20.0, 4.0]"
3_Rolling_Smoothing,Rolling_Mean_W3,"threshold=0.04, W=3",0.04,0.0014,0.6059,0.0019,0.9636,0.0038,0.6163,1108.03,53,28027,17448,2,7,7,1.0,20.0,15.7,4.0,20.0,"{'Infiltration': 1.0, 'Botnet': 1.0}","[20.0, 20.0, 20.0, 20.0, 6.0, 20.0, 4.0]"
3_Rolling_Smoothing,Rolling_Mean_W5,"threshold=0.04, W=5",0.04,0.0014,0.6059,0.0019,1.0,0.0039,0.6214,1117.16,55,28258,17217,0,7,7,1.0,20.0,15.7,4.0,20.0,"{'Infiltration': 1.0, 'Botnet': 1.0}","[20.0, 20.0, 20.0, 20.0, 6.0, 20.0, 4.0]"
3_Rolling_Smoothing,Rolling_Mean_W10,"threshold=0.04, W=10",0.04,0.0014,0.6059,0.0019,1.0,0.0038,0.631,1134.36,55,28693,16782,0,7,7,1.0,20.0,15.7,4.0,20.0,"{'Infiltration': 1.0, 'Botnet': 1.0}","[20.0, 20.0, 20.0, 20.0, 6.0, 20.0, 4.0]"
4_Hysteresis,Hysteresis_0.2_0.05,"tau_high=0.20, tau_low=0.05",0.2,0.0014,0.6059,0.0028,0.4545,0.0055,0.1991,358.02,25,9056,36419,30,7,4,0.5714,13.0,12.5,4.0,20.0,"{'Infiltration': 0.25, 'Botnet': 1.0}","[20.0, 6.0, 20.0, 4.0]"
4_Hysteresis,Hysteresis_0.3_0.07,"tau_high=0.30, tau_low=0.07",0.3,0.0014,0.6059,0.0,0.0,0.0,0.0973,174.9,0,4424,41051,55,7,0,0.0,0.0,0.0,0.0,0.0,"{'Infiltration': 0.0, 'Botnet': 0.0}",[]
4_Hysteresis,Hysteresis_0.4_0.1,"tau_high=0.40, tau_low=0.10",0.4,0.0014,0.6059,0.0,0.0,0.0,0.0691,124.26,0,3143,42332,55,7,0,0.0,0.0,0.0,0.0,0.0,"{'Infiltration': 0.0, 'Botnet': 0.0}",[]
5_Alert_Cooldown,Raw_Threshold_Cooldown_10s,"threshold=0.04, T_cool=10.0s",0.04,0.0014,0.6059,0.0019,0.2,0.0038,0.1274,229.02,11,5793,39682,44,7,7,1.0,14.0,12.9,4.0,20.0,"{'Infiltration': 1.0, 'Botnet': 1.0}","[14.0, 12.0, 14.0, 20.0, 6.0, 20.0, 4.0]"
5_Alert_Cooldown,Raw_Threshold_Cooldown_30s,"threshold=0.04, T_cool=30.0s",0.04,0.0014,0.6059,0.0025,0.0909,0.0049,0.0439,78.95,5,1997,43478,50,7,5,0.7143,6.0,8.8,4.0,18.0,"{'Infiltration': 0.75, 'Botnet': 0.6667}","[4.0, 12.0, 18.0, 6.0, 4.0]"
5_Alert_Cooldown,Raw_Threshold_Cooldown_60s,"threshold=0.04, T_cool=60.0s",0.04,0.0014,0.6059,0.0039,0.0727,0.0075,0.0222,39.89,4,1009,44466,51,7,4,0.5714,12.0,12.0,4.0,20.0,"{'Infiltration': 0.5, 'Botnet': 0.6667}","[18.0, 20.0, 6.0, 4.0]"
5_Alert_Cooldown,Raw_Threshold_Cooldown_120s,"threshold=0.04, T_cool=120.0s",0.04,0.0014,0.6059,0.0058,0.0545,0.0106,0.0112,20.16,3,510,44965,52,7,3,0.4286,6.0,10.0,4.0,20.0,"{'Infiltration': 0.25, 'Botnet': 0.6667}","[20.0, 6.0, 4.0]"
6_Champion_Operational_Aggregator,Consecutive_2_Plus_Cooldown_60s,"threshold=0.04, N=2, T_cool=60s",0.04,0.0014,0.6059,0.002,0.0364,0.0038,0.022,39.57,2,1001,44474,53,7,2,0.2857,5.0,5.0,4.0,6.0,"{'Infiltration': 0.0, 'Botnet': 0.6667}","[6.0, 4.0]"
