event_id,session,ground_truth_family,ground_truth_label,lead_time_sec,forecast_probability,dominant_cluster,top_feature_1,top_delta_1,top_feature_2,top_delta_2,mitre_primary_id,mitre_primary_name,mitre_primary_conf,mitre_secondary_id,mitre_secondary_name,mitre_secondary_conf,evidence_rationale
TEST_Wednesday-_1256,Wednesday-28-02-2018,Infiltration,Infilteration,20.0,0.0598,timing_jitter,udp_ratio,-1.6295,rst_ratio,-1.5168,T1071,Application Layer Protocol / C2,0.2666,T1046,Network Service Scanning,0.2498,"Periodic inter-arrival pacing, persistent session lifetimes, and structured bidirectional beaconing."
TEST_Wednesday-_1256,Wednesday-28-02-2018,Infiltration,Infilteration,18.0,0.054,timing_jitter,udp_ratio,-1.774,delta_rst_ratio,1.3623,T1498,Network Denial of Service,0.2784,T1071,Application Layer Protocol / C2,0.2672,Massive volumetric surge in packet/byte rate with extreme SYN/zero-payload packet proportion.
TEST_Wednesday-_1256,Wednesday-28-02-2018,Infiltration,Infilteration,16.0,0.0526,port_targeting,delta_dst_port_entropy,-4.0734,delta_port_concentration,3.1486,T1498,Network Denial of Service,0.298,T1071,Application Layer Protocol / C2,0.2816,Massive volumetric surge in packet/byte rate with extreme SYN/zero-payload packet proportion.
TEST_Wednesday-_1256,Wednesday-28-02-2018,Infiltration,Infilteration,14.0,0.0442,timing_jitter,rst_ratio,-1.5237,syn_count,0.9209,T1071,Application Layer Protocol / C2,0.3571,T1498,Network Denial of Service,0.2747,"Periodic inter-arrival pacing, persistent session lifetimes, and structured bidirectional beaconing."
TEST_Wednesday-_1256,Wednesday-28-02-2018,Infiltration,Infilteration,12.0,0.0466,port_targeting,delta_rst_ratio,-2.3292,rst_ratio,-2.0164,T1071,Application Layer Protocol / C2,0.2801,T1498,Network Denial of Service,0.274,"Periodic inter-arrival pacing, persistent session lifetimes, and structured bidirectional beaconing."
TEST_Wednesday-_1256,Wednesday-28-02-2018,Infiltration,Infilteration,10.0,0.0473,tcp_flags,rst_ratio,-2.2553,delta_rst_ratio,-1.2421,T1498,Network Denial of Service,0.2708,T1071,Application Layer Protocol / C2,0.2673,Massive volumetric surge in packet/byte rate with extreme SYN/zero-payload packet proportion.
TEST_Wednesday-_1256,Wednesday-28-02-2018,Infiltration,Infilteration,8.0,0.0484,tcp_flags,rst_ratio,-2.3716,syn_count,1.0897,T1071,Application Layer Protocol / C2,0.2848,T1498,Network Denial of Service,0.2735,"Periodic inter-arrival pacing, persistent session lifetimes, and structured bidirectional beaconing."
TEST_Wednesday-_1256,Wednesday-28-02-2018,Infiltration,Infilteration,6.0,0.0474,port_targeting,rst_ratio,-2.0774,delta_dst_port_entropy,-1.1936,T1071,Application Layer Protocol / C2,0.3001,T1498,Network Denial of Service,0.2786,"Periodic inter-arrival pacing, persistent session lifetimes, and structured bidirectional beaconing."
TEST_Wednesday-_1256,Wednesday-28-02-2018,Infiltration,Infilteration,4.0,0.0486,tcp_flags,rst_ratio,-2.4088,delta_rst_ratio,-1.6667,T1071,Application Layer Protocol / C2,0.3034,T1498,Network Denial of Service,0.2754,"Periodic inter-arrival pacing, persistent session lifetimes, and structured bidirectional beaconing."
TEST_Wednesday-_1256,Wednesday-28-02-2018,Infiltration,Infilteration,2.0,0.0474,port_targeting,rst_ratio,-2.1137,delta_dst_port_entropy,-1.4219,T1071,Application Layer Protocol / C2,0.3228,T1498,Network Denial of Service,0.2804,"Periodic inter-arrival pacing, persistent session lifetimes, and structured bidirectional beaconing."
TEST_Wednesday-_17696,Wednesday-28-02-2018,Infiltration,Infilteration,20.0,0.0453,port_targeting,delta_dst_port_entropy,-4.0296,rst_ratio,-2.4873,T1071,Application Layer Protocol / C2,0.3229,T1498,Network Denial of Service,0.287,"Periodic inter-arrival pacing, persistent session lifetimes, and structured bidirectional beaconing."
TEST_Wednesday-_17696,Wednesday-28-02-2018,Infiltration,Infilteration,18.0,0.0407,tcp_flags,delta_rst_ratio,2.4719,rst_ratio,-1.9365,T1071,Application Layer Protocol / C2,0.4229,T1046,Network Service Scanning,0.1909,"Periodic inter-arrival pacing, persistent session lifetimes, and structured bidirectional beaconing."
TEST_Wednesday-_17696,Wednesday-28-02-2018,Infiltration,Infilteration,16.0,0.0386,port_targeting,delta_rst_ratio,3.0662,delta_dst_port_entropy,-2.6634,T1071,Application Layer Protocol / C2,0.4421,T1498,Network Denial of Service,0.1939,"Periodic inter-arrival pacing, persistent session lifetimes, and structured bidirectional beaconing."
TEST_Wednesday-_17696,Wednesday-28-02-2018,Infiltration,Infilteration,14.0,0.0394,tcp_flags,fwd_byte_ratio,-1.1031,rst_ratio,-1.074,T1071,Application Layer Protocol / C2,0.3947,T1498,Network Denial of Service,0.2238,"Periodic inter-arrival pacing, persistent session lifetimes, and structured bidirectional beaconing."
TEST_Wednesday-_17696,Wednesday-28-02-2018,Infiltration,Infilteration,12.0,0.0449,tcp_flags,fwd_byte_ratio,-1.057,rst_ratio,-0.994,T1071,Application Layer Protocol / C2,0.3888,T1498,Network Denial of Service,0.248,"Periodic inter-arrival pacing, persistent session lifetimes, and structured bidirectional beaconing."
TEST_Wednesday-_17696,Wednesday-28-02-2018,Infiltration,Infilteration,10.0,0.0467,tcp_flags,delta_rst_ratio,1.6994,fwd_byte_ratio,-1.2012,T1071,Application Layer Protocol / C2,0.4099,T1498,Network Denial of Service,0.217,"Periodic inter-arrival pacing, persistent session lifetimes, and structured bidirectional beaconing."
TEST_Wednesday-_17696,Wednesday-28-02-2018,Infiltration,Infilteration,8.0,0.0491,port_targeting,delta_dst_port_entropy,-5.6712,delta_port_concentration,1.4248,T1071,Application Layer Protocol / C2,0.4122,T1190,Exploit Public-Facing Application,0.2833,"Periodic inter-arrival pacing, persistent session lifetimes, and structured bidirectional beaconing."
TEST_Wednesday-_17696,Wednesday-28-02-2018,Infiltration,Infilteration,6.0,0.0444,payload_asymmetry,delta_fwd_packet_ratio,2.4968,delta_dst_port_entropy,1.4692,T1071,Application Layer Protocol / C2,0.3551,T1498,Network Denial of Service,0.2528,"Periodic inter-arrival pacing, persistent session lifetimes, and structured bidirectional beaconing."
TEST_Wednesday-_17696,Wednesday-28-02-2018,Infiltration,Infilteration,4.0,0.0418,tcp_flags,fwd_byte_ratio,0.7684,syn_count,0.7251,T1071,Application Layer Protocol / C2,0.3745,T1498,Network Denial of Service,0.2681,"Periodic inter-arrival pacing, persistent session lifetimes, and structured bidirectional beaconing."
TEST_Wednesday-_17696,Wednesday-28-02-2018,Infiltration,Infilteration,2.0,0.042,tcp_flags,delta_rst_ratio,-1.0387,fwd_byte_ratio,0.8646,T1071,Application Layer Protocol / C2,0.3838,T1498,Network Denial of Service,0.2794,"Periodic inter-arrival pacing, persistent session lifetimes, and structured bidirectional beaconing."
TEST_Thursday-0_1796,Thursday-01-03-2018,Infiltration,Infilteration,20.0,0.0546,port_targeting,delta_rst_ratio,-1.5839,delta_dst_port_entropy,-1.2727,T1498,Network Denial of Service,0.2986,T1071,Application Layer Protocol / C2,0.2972,Massive volumetric surge in packet/byte rate with extreme SYN/zero-payload packet proportion.
TEST_Thursday-0_1796,Thursday-01-03-2018,Infiltration,Infilteration,18.0,0.0568,timing_jitter,rst_ratio,-1.0642,udp_ratio,0.9582,T1498,Network Denial of Service,0.3021,T1071,Application Layer Protocol / C2,0.2917,Massive volumetric surge in packet/byte rate with extreme SYN/zero-payload packet proportion.
TEST_Thursday-0_1796,Thursday-01-03-2018,Infiltration,Infilteration,16.0,0.0551,port_targeting,delta_dst_port_entropy,5.1712,delta_ack_ratio,1.7367,T1071,Application Layer Protocol / C2,0.3096,T1498,Network Denial of Service,0.2537,"Periodic inter-arrival pacing, persistent session lifetimes, and structured bidirectional beaconing."
TEST_Thursday-0_1796,Thursday-01-03-2018,Infiltration,Infilteration,14.0,0.047,port_targeting,delta_dst_port_entropy,1.909,flow_iat_max,1.3117,T1071,Application Layer Protocol / C2,0.3222,T1498,Network Denial of Service,0.2281,"Periodic inter-arrival pacing, persistent session lifetimes, and structured bidirectional beaconing."
TEST_Thursday-0_1796,Thursday-01-03-2018,Infiltration,Infilteration,12.0,0.0503,port_targeting,delta_dst_port_entropy,1.4188,flow_iat_max,1.333,T1071,Application Layer Protocol / C2,0.2916,T1110,Brute Force Authentication,0.236,"Periodic inter-arrival pacing, persistent session lifetimes, and structured bidirectional beaconing."
TEST_Thursday-0_1796,Thursday-01-03-2018,Infiltration,Infilteration,10.0,0.0544,port_targeting,flow_iat_max,1.3726,rst_ratio,-1.2138,T1071,Application Layer Protocol / C2,0.3138,T1498,Network Denial of Service,0.2408,"Periodic inter-arrival pacing, persistent session lifetimes, and structured bidirectional beaconing."
TEST_Thursday-0_1796,Thursday-01-03-2018,Infiltration,Infilteration,8.0,0.0465,tcp_flags,delta_rst_ratio,-2.0239,flow_iat_max,1.7868,T1071,Application Layer Protocol / C2,0.3355,T1498,Network Denial of Service,0.2181,"Periodic inter-arrival pacing, persistent session lifetimes, and structured bidirectional beaconing."
TEST_Thursday-0_1796,Thursday-01-03-2018,Infiltration,Infilteration,6.0,0.0428,timing_jitter,flow_iat_max,1.7416,delta_rst_ratio,1.5863,T1071,Application Layer Protocol / C2,0.3453,T1498,Network Denial of Service,0.1965,"Periodic inter-arrival pacing, persistent session lifetimes, and structured bidirectional beaconing."
TEST_Thursday-0_1796,Thursday-01-03-2018,Infiltration,Infilteration,4.0,0.0384,port_targeting,flow_iat_max,1.6388,rst_ratio,-1.181,T1071,Application Layer Protocol / C2,0.3498,T1110,Brute Force Authentication,0.2353,"Periodic inter-arrival pacing, persistent session lifetimes, and structured bidirectional beaconing."
TEST_Thursday-0_1796,Thursday-01-03-2018,Infiltration,Infilteration,2.0,0.0365,tcp_flags,delta_rst_ratio,2.3915,flow_iat_max,1.5924,T1071,Application Layer Protocol / C2,0.3434,T1110,Brute Force Authentication,0.2541,"Periodic inter-arrival pacing, persistent session lifetimes, and structured bidirectional beaconing."
TEST_Thursday-0_16106,Thursday-01-03-2018,Infiltration,Infilteration,20.0,0.0832,tcp_flags,syn_ratio,-9.06,ack_ratio,-5.6395,T1046,Network Service Scanning,0.4402,T1071,Application Layer Protocol / C2,0.1791,"Elevated destination port entropy, increased unique target ports, and surge in SYN connection initiations."
TEST_Thursday-0_16106,Thursday-01-03-2018,Infiltration,Infilteration,18.0,0.078,tcp_flags,syn_ratio,-7.7102,ack_ratio,-4.7196,T1046,Network Service Scanning,0.4215,T1498,Network Denial of Service,0.1844,"Elevated destination port entropy, increased unique target ports, and surge in SYN connection initiations."
TEST_Thursday-0_16106,Thursday-01-03-2018,Infiltration,Infilteration,16.0,0.0764,tcp_flags,syn_ratio,-6.1129,ack_ratio,-3.5831,T1046,Network Service Scanning,0.4328,T1190,Exploit Public-Facing Application,0.1993,"Elevated destination port entropy, increased unique target ports, and surge in SYN connection initiations."
TEST_Thursday-0_16106,Thursday-01-03-2018,Infiltration,Infilteration,14.0,0.0638,tcp_flags,delta_ack_ratio,5.4401,delta_syn_ratio,5.1139,T1046,Network Service Scanning,0.3481,T1190,Exploit Public-Facing Application,0.2259,"Elevated destination port entropy, increased unique target ports, and surge in SYN connection initiations."
TEST_Thursday-0_16106,Thursday-01-03-2018,Infiltration,Infilteration,12.0,0.0685,tcp_flags,delta_ack_ratio,4.8524,delta_syn_ratio,4.4858,T1498,Network Denial of Service,0.3072,T1190,Exploit Public-Facing Application,0.2392,Massive volumetric surge in packet/byte rate with extreme SYN/zero-payload packet proportion.
TEST_Thursday-0_16106,Thursday-01-03-2018,Infiltration,Infilteration,10.0,0.0695,port_targeting,delta_dst_port_entropy,3.2553,delta_flow_iat_mean,-1.453,T1498,Network Denial of Service,0.2702,T1071,Application Layer Protocol / C2,0.2671,Massive volumetric surge in packet/byte rate with extreme SYN/zero-payload packet proportion.
TEST_Thursday-0_16106,Thursday-01-03-2018,Infiltration,Infilteration,8.0,0.0773,port_targeting,ack_ratio,1.1573,syn_count,1.0573,T1498,Network Denial of Service,0.3336,T1046,Network Service Scanning,0.2312,Massive volumetric surge in packet/byte rate with extreme SYN/zero-payload packet proportion.
TEST_Thursday-0_16106,Thursday-01-03-2018,Infiltration,Infilteration,6.0,0.0753,port_targeting,delta_rst_ratio,3.4775,delta_auth_port_ratio,2.7,T1498,Network Denial of Service,0.2808,T1071,Application Layer Protocol / C2,0.2507,Massive volumetric surge in packet/byte rate with extreme SYN/zero-payload packet proportion.
TEST_Thursday-0_16106,Thursday-01-03-2018,Infiltration,Infilteration,4.0,0.0669,port_targeting,delta_rst_ratio,-1.4274,ack_ratio,1.415,T1071,Application Layer Protocol / C2,0.3,T1498,Network Denial of Service,0.2287,"Periodic inter-arrival pacing, persistent session lifetimes, and structured bidirectional beaconing."
TEST_Thursday-0_16106,Thursday-01-03-2018,Infiltration,Infilteration,2.0,0.061,port_targeting,delta_dst_port_entropy,-1.9325,ack_ratio,1.3232,T1071,Application Layer Protocol / C2,0.3117,T1498,Network Denial of Service,0.2442,"Periodic inter-arrival pacing, persistent session lifetimes, and structured bidirectional beaconing."
TEST_Friday-02-_5241,Friday-02-03-2018,Botnet,Bot,6.0,0.0833,tcp_flags,delta_rst_ratio,-2.0866,ack_ratio,1.4057,T1498,Network Denial of Service,0.2788,T1046,Network Service Scanning,0.2035,Massive volumetric surge in packet/byte rate with extreme SYN/zero-payload packet proportion.
TEST_Friday-02-_5241,Friday-02-03-2018,Botnet,Bot,4.0,0.0782,port_targeting,ack_ratio,1.3881,delta_auth_port_ratio,1.1646,T1498,Network Denial of Service,0.2739,T1046,Network Service Scanning,0.2202,Massive volumetric surge in packet/byte rate with extreme SYN/zero-payload packet proportion.
TEST_Friday-02-_5241,Friday-02-03-2018,Botnet,Bot,2.0,0.0893,payload_asymmetry,ack_ratio,1.3199,fwd_byte_ratio,0.9296,T1071,Application Layer Protocol / C2,0.2438,T1498,Network Denial of Service,0.2394,"Periodic inter-arrival pacing, persistent session lifetimes, and structured bidirectional beaconing."
TEST_Friday-02-_16600,Friday-02-03-2018,Botnet,Bot,20.0,0.0898,port_targeting,delta_rst_ratio,-2.1215,rst_ratio,-2.0165,T1071,Application Layer Protocol / C2,0.3215,T1110,Brute Force Authentication,0.2564,"Periodic inter-arrival pacing, persistent session lifetimes, and structured bidirectional beaconing."
TEST_Friday-02-_16600,Friday-02-03-2018,Botnet,Bot,18.0,0.0915,port_targeting,rst_ratio,-2.1785,auth_port_ratio,-1.3923,T1071,Application Layer Protocol / C2,0.3318,T1110,Brute Force Authentication,0.2617,"Periodic inter-arrival pacing, persistent session lifetimes, and structured bidirectional beaconing."
TEST_Friday-02-_16600,Friday-02-03-2018,Botnet,Bot,16.0,0.0899,port_targeting,rst_ratio,-2.6076,delta_rst_ratio,-2.0621,T1071,Application Layer Protocol / C2,0.3095,T1110,Brute Force Authentication,0.2645,"Periodic inter-arrival pacing, persistent session lifetimes, and structured bidirectional beaconing."
TEST_Friday-02-_16600,Friday-02-03-2018,Botnet,Bot,14.0,0.0864,port_targeting,rst_ratio,-2.3975,auth_port_ratio,-1.6333,T1071,Application Layer Protocol / C2,0.3127,T1110,Brute Force Authentication,0.2682,"Periodic inter-arrival pacing, persistent session lifetimes, and structured bidirectional beaconing."
TEST_Friday-02-_16600,Friday-02-03-2018,Botnet,Bot,12.0,0.081,port_targeting,rst_ratio,-2.2449,auth_port_ratio,-1.6483,T1071,Application Layer Protocol / C2,0.2939,T1110,Brute Force Authentication,0.2705,"Periodic inter-arrival pacing, persistent session lifetimes, and structured bidirectional beaconing."
TEST_Friday-02-_16600,Friday-02-03-2018,Botnet,Bot,10.0,0.078,tcp_flags,delta_rst_ratio,3.2635,auth_port_ratio,-1.7044,T1071,Application Layer Protocol / C2,0.3245,T1110,Brute Force Authentication,0.2877,"Periodic inter-arrival pacing, persistent session lifetimes, and structured bidirectional beaconing."
TEST_Friday-02-_16600,Friday-02-03-2018,Botnet,Bot,8.0,0.0773,port_targeting,auth_port_ratio,-1.6567,udp_ratio,1.4364,T1110,Brute Force Authentication,0.3024,T1071,Application Layer Protocol / C2,0.2787,Concentrated flow activity on authentication ports (SSH 22 / FTP 21) with high connection teardown/reset rates.
TEST_Friday-02-_16600,Friday-02-03-2018,Botnet,Bot,6.0,0.075,port_targeting,auth_port_ratio,-1.7725,udp_ratio,1.4189,T1071,Application Layer Protocol / C2,0.312,T1110,Brute Force Authentication,0.3108,"Periodic inter-arrival pacing, persistent session lifetimes, and structured bidirectional beaconing."
TEST_Friday-02-_16600,Friday-02-03-2018,Botnet,Bot,4.0,0.0737,port_targeting,auth_port_ratio,-1.6719,udp_ratio,1.537,T1110,Brute Force Authentication,0.3179,T1071,Application Layer Protocol / C2,0.2818,Concentrated flow activity on authentication ports (SSH 22 / FTP 21) with high connection teardown/reset rates.
TEST_Friday-02-_16600,Friday-02-03-2018,Botnet,Bot,2.0,0.0725,port_targeting,auth_port_ratio,-1.5895,udp_ratio,1.5478,T1110,Brute Force Authentication,0.3048,T1071,Application Layer Protocol / C2,0.2981,Concentrated flow activity on authentication ports (SSH 22 / FTP 21) with high connection teardown/reset rates.
TEST_Friday-02-_20205,Friday-02-03-2018,Botnet,Bot,4.0,0.0865,port_targeting,delta_rst_ratio,-1.9525,auth_port_ratio,-1.5129,T1110,Brute Force Authentication,0.3269,T1498,Network Denial of Service,0.2596,Concentrated flow activity on authentication ports (SSH 22 / FTP 21) with high connection teardown/reset rates.
TEST_Friday-02-_20205,Friday-02-03-2018,Botnet,Bot,2.0,0.0795,port_targeting,delta_auth_port_ratio,3.0118,delta_dst_port_entropy,1.4797,T1498,Network Denial of Service,0.3118,T1046,Network Service Scanning,0.2369,Massive volumetric surge in packet/byte rate with extreme SYN/zero-payload packet proportion.
