feature_name,original_name,datatype,source_dataset,missing_percentage,infinity_count,unique_count,constant_or_not,near_constant_or_not,temporal_relevance,possible_leakage,semantic_description,retained_or_dropped,reason
packet_count,packet_count,float64,DARPA-1998 (extracted) / CIC-IDS2017 (projected),0.00%,0,1850,NO,NO,High,No,Aggregated metric for packet count,Retained,Valid temporal metric in DARPA; artificially constant in projected CIC.
ip_byte_count,ip_byte_count,float64,DARPA-1998 (extracted) / CIC-IDS2017 (projected),0.00%,0,68206,NO,NO,High,No,Aggregated metric for ip byte count,Retained,Valid temporal metric in DARPA; artificially constant in projected CIC.
flow_count,flow_count,float64,DARPA-1998 (extracted) / CIC-IDS2017 (projected),0.00%,0,136,NO,NO,High,No,Aggregated metric for flow count,Retained,Valid temporal metric in DARPA; artificially constant in projected CIC.
packet_rate,packet_rate,float64,DARPA-1998 (extracted) / CIC-IDS2017 (projected),0.00%,0,797744,NO,NO,High,No,Aggregated metric for packet rate,Retained,Valid temporal metric in DARPA; artificially constant in projected CIC.
byte_rate,byte_rate,float64,DARPA-1998 (extracted) / CIC-IDS2017 (projected),0.00%,0,890947,NO,NO,High,No,Aggregated metric for byte rate,Retained,Valid temporal metric in DARPA; artificially constant in projected CIC.
tcp_ratio,tcp_ratio,float64,DARPA-1998 (extracted) / CIC-IDS2017 (projected),0.00%,0,9285,NO,NO,Medium,"Source Leakage Risk (constant in CIC, dynamic in DARPA)",Aggregated metric for tcp ratio,Retained,"Hardcoded to constant in CIC projection, creating artificial dataset fingerprint."
udp_ratio,udp_ratio,float64,DARPA-1998 (extracted) / CIC-IDS2017 (projected),0.00%,0,4583,NO,NO,Medium,"Source Leakage Risk (constant in CIC, dynamic in DARPA)",Aggregated metric for udp ratio,Retained,"Hardcoded to constant in CIC projection, creating artificial dataset fingerprint."
icmp_ratio,icmp_ratio,float64,DARPA-1998 (extracted) / CIC-IDS2017 (projected),0.00%,0,485,NO,NO,Medium,"Source Leakage Risk (constant in CIC, dynamic in DARPA)",Aggregated metric for icmp ratio,Retained,"Hardcoded to constant in CIC projection, creating artificial dataset fingerprint."
unique_src_ips,unique_src_ips,float64,DARPA-1998 (extracted) / CIC-IDS2017 (projected),0.00%,0,32,NO,NO,Medium,"Source Leakage Risk (constant in CIC, dynamic in DARPA)",Aggregated metric for unique src ips,Retained,"Hardcoded to constant in CIC projection, creating artificial dataset fingerprint."
unique_dst_ips,unique_dst_ips,float64,DARPA-1998 (extracted) / CIC-IDS2017 (projected),0.00%,0,26,NO,NO,Medium,"Source Leakage Risk (constant in CIC, dynamic in DARPA)",Aggregated metric for unique dst ips,Retained,"Hardcoded to constant in CIC projection, creating artificial dataset fingerprint."
unique_dst_ports,unique_dst_ports,float64,DARPA-1998 (extracted) / CIC-IDS2017 (projected),0.00%,0,121,NO,NO,Medium,"Source Leakage Risk (constant in CIC, dynamic in DARPA)",Aggregated metric for unique dst ports,Retained,"Hardcoded to constant in CIC projection, creating artificial dataset fingerprint."
max_dst_ports_per_ip,max_dst_ports_per_ip,float64,DARPA-1998 (extracted) / CIC-IDS2017 (projected),0.00%,0,98,NO,NO,Medium,"Source Leakage Risk (constant in CIC, dynamic in DARPA)",Aggregated metric for max dst ports per ip,Retained,"Hardcoded to constant in CIC projection, creating artificial dataset fingerprint."
avg_dst_ports_per_ip,avg_dst_ports_per_ip,float64,DARPA-1998 (extracted) / CIC-IDS2017 (projected),0.00%,0,877,NO,NO,Medium,"Source Leakage Risk (constant in CIC, dynamic in DARPA)",Aggregated metric for avg dst ports per ip,Retained,"Hardcoded to constant in CIC projection, creating artificial dataset fingerprint."
port_entropy,port_entropy,float64,DARPA-1998 (extracted) / CIC-IDS2017 (projected),0.00%,0,45598,NO,NO,Medium,"Source Leakage Risk (constant in CIC, dynamic in DARPA)",Aggregated metric for port entropy,Retained,"Hardcoded to constant in CIC projection, creating artificial dataset fingerprint."
pure_syn_count,pure_syn_count,float64,DARPA-1998 (extracted) / CIC-IDS2017 (projected),0.00%,0,118,NO,NO,High,No,Aggregated metric for pure syn count,Retained,Valid temporal metric in DARPA; artificially constant in projected CIC.
ack_count,ack_count,float64,DARPA-1998 (extracted) / CIC-IDS2017 (projected),0.00%,0,1282,NO,NO,High,No,Aggregated metric for ack count,Retained,Valid temporal metric in DARPA; artificially constant in projected CIC.
rst_count,rst_count,float64,DARPA-1998 (extracted) / CIC-IDS2017 (projected),0.00%,0,6,NO,YES,High,No,Aggregated metric for rst count,Retained,Valid temporal metric in DARPA; artificially constant in projected CIC.
fin_count,fin_count,float64,DARPA-1998 (extracted) / CIC-IDS2017 (projected),0.00%,0,205,NO,NO,High,No,Aggregated metric for fin count,Retained,Valid temporal metric in DARPA; artificially constant in projected CIC.
psh_count,psh_count,float64,DARPA-1998 (extracted) / CIC-IDS2017 (projected),0.00%,0,445,NO,NO,High,No,Aggregated metric for psh count,Retained,Valid temporal metric in DARPA; artificially constant in projected CIC.
urg_count,urg_count,float64,DARPA-1998 (extracted) / CIC-IDS2017 (projected),0.00%,0,2,NO,NO,High,No,Aggregated metric for urg count,Retained,Valid temporal metric in DARPA; artificially constant in projected CIC.
syn_ratio,syn_ratio,float64,DARPA-1998 (extracted) / CIC-IDS2017 (projected),0.00%,0,12878,NO,NO,Medium,No,Aggregated metric for syn ratio,Retained,Valid temporal metric in DARPA; artificially constant in projected CIC.
ack_ratio,ack_ratio,float64,DARPA-1998 (extracted) / CIC-IDS2017 (projected),0.00%,0,13267,NO,NO,Medium,No,Aggregated metric for ack ratio,Retained,Valid temporal metric in DARPA; artificially constant in projected CIC.
rst_ratio,rst_ratio,float64,DARPA-1998 (extracted) / CIC-IDS2017 (projected),0.00%,0,641,NO,YES,Medium,No,Aggregated metric for rst ratio,Retained,Valid temporal metric in DARPA; artificially constant in projected CIC.
fin_ratio,fin_ratio,float64,DARPA-1998 (extracted) / CIC-IDS2017 (projected),0.00%,0,14162,NO,NO,Medium,No,Aggregated metric for fin ratio,Retained,Valid temporal metric in DARPA; artificially constant in projected CIC.
rst_to_syn_ratio,rst_to_syn_ratio,float64,DARPA-1998 (extracted) / CIC-IDS2017 (projected),0.00%,0,157,NO,YES,Medium,No,Aggregated metric for rst to syn ratio,Retained,Valid temporal metric in DARPA; artificially constant in projected CIC.
handshake_completion_ratio,handshake_completion_ratio,float64,DARPA-1998 (extracted) / CIC-IDS2017 (projected),0.00%,0,371,NO,NO,Medium,No,Aggregated metric for handshake completion ratio,Retained,Valid temporal metric in DARPA; artificially constant in projected CIC.
retransmission_count,retransmission_count,float64,DARPA-1998 (extracted) / CIC-IDS2017 (projected),0.00%,0,6,NO,YES,High,"Source Leakage Risk (constant in CIC, dynamic in DARPA)",Aggregated metric for retransmission count,Retained,"Hardcoded to constant in CIC projection, creating artificial dataset fingerprint."
retransmission_rate,retransmission_rate,float64,DARPA-1998 (extracted) / CIC-IDS2017 (projected),0.00%,0,761,NO,YES,High,"Source Leakage Risk (constant in CIC, dynamic in DARPA)",Aggregated metric for retransmission rate,Retained,"Hardcoded to constant in CIC projection, creating artificial dataset fingerprint."
win_mean,win_mean,float64,DARPA-1998 (extracted) / CIC-IDS2017 (projected),0.00%,0,62373,NO,NO,Medium,No,Aggregated metric for win mean,Retained,Valid temporal metric in DARPA; artificially constant in projected CIC.
win_std,win_std,float64,DARPA-1998 (extracted) / CIC-IDS2017 (projected),0.00%,0,59877,NO,NO,Medium,No,Aggregated metric for win std,Retained,Valid temporal metric in DARPA; artificially constant in projected CIC.
ttl_mean,ttl_mean,float64,DARPA-1998 (extracted) / CIC-IDS2017 (projected),0.00%,0,25246,NO,NO,Medium,"Source Leakage Risk (constant in CIC, dynamic in DARPA)",Aggregated metric for ttl mean,Retained,"Hardcoded to constant in CIC projection, creating artificial dataset fingerprint."
ttl_std,ttl_std,float64,DARPA-1998 (extracted) / CIC-IDS2017 (projected),0.00%,0,26413,NO,NO,Medium,"Source Leakage Risk (constant in CIC, dynamic in DARPA)",Aggregated metric for ttl std,Retained,"Hardcoded to constant in CIC projection, creating artificial dataset fingerprint."
payload_mean,payload_mean,float64,DARPA-1998 (extracted) / CIC-IDS2017 (projected),0.00%,0,150739,NO,NO,Medium,No,Aggregated metric for payload mean,Retained,Valid temporal metric in DARPA; artificially constant in projected CIC.
payload_std,payload_std,float64,DARPA-1998 (extracted) / CIC-IDS2017 (projected),0.00%,0,251346,NO,NO,Medium,No,Aggregated metric for payload std,Retained,Valid temporal metric in DARPA; artificially constant in projected CIC.
payload_max,payload_max,float64,DARPA-1998 (extracted) / CIC-IDS2017 (projected),0.00%,0,4966,NO,NO,Medium,No,Aggregated metric for payload max,Retained,Valid temporal metric in DARPA; artificially constant in projected CIC.
zero_payload_ratio,zero_payload_ratio,float64,DARPA-1998 (extracted) / CIC-IDS2017 (projected),0.00%,0,26357,NO,NO,Medium,No,Aggregated metric for zero payload ratio,Retained,Valid temporal metric in DARPA; artificially constant in projected CIC.
iat_min_flow_mean,iat_min_flow_mean,float64,DARPA-1998 (extracted) / CIC-IDS2017 (projected),0.00%,0,97684,NO,NO,High,No,Aggregated metric for iat min flow mean,Retained,Valid temporal metric in DARPA; artificially constant in projected CIC.
iat_global_mean,iat_global_mean,float64,DARPA-1998 (extracted) / CIC-IDS2017 (projected),0.00%,0,718298,NO,NO,High,No,Aggregated metric for iat global mean,Retained,Valid temporal metric in DARPA; artificially constant in projected CIC.
iat_global_std,iat_global_std,float64,DARPA-1998 (extracted) / CIC-IDS2017 (projected),0.00%,0,553287,NO,NO,High,No,Aggregated metric for iat global std,Retained,Valid temporal metric in DARPA; artificially constant in projected CIC.
iat_global_max,iat_global_max,float64,DARPA-1998 (extracted) / CIC-IDS2017 (projected),0.00%,0,366644,NO,NO,High,No,Aggregated metric for iat global max,Retained,Valid temporal metric in DARPA; artificially constant in projected CIC.
fragment_count,fragment_count,float64,DARPA-1998 (extracted) / CIC-IDS2017 (projected),0.00%,0,5,NO,YES,High,"Source Leakage Risk (constant in CIC, dynamic in DARPA)",Aggregated metric for fragment count,Retained,"Hardcoded to constant in CIC projection, creating artificial dataset fingerprint."
fragment_ratio,fragment_ratio,float64,DARPA-1998 (extracted) / CIC-IDS2017 (projected),0.00%,0,7,NO,YES,Medium,"Source Leakage Risk (constant in CIC, dynamic in DARPA)",Aggregated metric for fragment ratio,Retained,"Hardcoded to constant in CIC projection, creating artificial dataset fingerprint."
max_frag_offset,max_frag_offset,float64,DARPA-1998 (extracted) / CIC-IDS2017 (projected),0.00%,0,3,NO,YES,Medium,"Source Leakage Risk (constant in CIC, dynamic in DARPA)",Aggregated metric for max frag offset,Retained,"Hardcoded to constant in CIC projection, creating artificial dataset fingerprint."
oversized_icmp_count,oversized_icmp_count,float64,DARPA-1998 (extracted) / CIC-IDS2017 (projected),0.00%,0,25,NO,YES,High,"Source Leakage Risk (constant in CIC, dynamic in DARPA)",Aggregated metric for oversized icmp count,Retained,"Hardcoded to constant in CIC projection, creating artificial dataset fingerprint."
icmp_payload_max,icmp_payload_max,float64,DARPA-1998 (extracted) / CIC-IDS2017 (projected),0.00%,0,7,NO,NO,Medium,"Source Leakage Risk (constant in CIC, dynamic in DARPA)",Aggregated metric for icmp payload max,Retained,"Hardcoded to constant in CIC projection, creating artificial dataset fingerprint."
auth_packet_count,auth_packet_count,float64,DARPA-1998 (extracted) / CIC-IDS2017 (projected),0.00%,0,294,NO,NO,High,No,Aggregated metric for auth packet count,Retained,Valid temporal metric in DARPA; artificially constant in projected CIC.
auth_packet_ratio,auth_packet_ratio,float64,DARPA-1998 (extracted) / CIC-IDS2017 (projected),0.00%,0,14113,NO,NO,Medium,No,Aggregated metric for auth packet ratio,Retained,Valid temporal metric in DARPA; artificially constant in projected CIC.
