day,session,dominant_family,total_windows,attack_windows,attack_pct,num_attack_episodes,atk_run_min_w,atk_run_mean_w,atk_run_median_w,atk_run_max_w,atk_run_max_sec,num_benign_episodes,ben_run_mean_w,ben_run_max_w
2018-02-14,Wednesday-14-02-2018,BruteForce,21595,5647,26.15,3,5,1882.3,2725.0,2917,5834,4,3987.0,12623
2018-02-15,Thursday-15-02-2018,DoS,21595,1702,7.88,5,5,340.4,110.0,1259,2518,6,3315.5,15227
2018-02-16,Friday-16-02-2018,DoS,21532,1486,6.9,2,104,743.0,743.0,1382,2764,3,6682.0,15100
2018-02-21,Wednesday-21-02-2018,DDoS,15823,1390,8.78,37,5,37.6,12.0,675,1350,37,390.1,13656
2018-02-22,Thursday-22-02-2018,WebAttack,21595,809,3.75,124,5,6.5,6.0,19,38,125,166.3,10372
2018-02-23,Friday-23-02-2018,WebAttack,21595,1289,5.97,194,5,6.6,5.0,27,54,195,104.1,10785
2018-02-28,Wednesday-28-02-2018,Infiltration,21595,3998,18.51,2,1744,1999.0,1999.0,2254,4508,3,5865.7,14696
2018-03-01,Thursday-01-03-2018,Infiltration,21595,4658,21.57,2,1744,2329.0,2329.0,2914,5828,3,5645.7,11396
2018-03-02,Friday-02-03-2018,Botnet,21595,10218,47.32,4,5,2554.5,2492.0,5229,10458,3,3792.3,11354
