split,horizon_k,lead_sec,total_windows,future_attack_windows,P(y_future=1 | y_curr=1) [Continuation],P(y_future=1 | y_curr=0) [Onset],P(y_future=0 | y_curr=0) [Benign Stability],P(y_future=0 | y_curr=1) [Cessation],pct_future_is_continuation,pct_future_is_onset,TP,FP,FN,TN,persistence_precision,persistence_recall,persistence_f1,persistence_accuracy
TRAIN,1,2.0,102135,11034,0.984592,0.001877,0.998123,0.015408,98.45,1.55,10863,170,171,90931,0.984592,0.984502,0.984547,0.996661
TRAIN,3,6.0,102125,11034,0.953767,0.005632,0.994368,0.046233,95.35,4.65,10521,510,513,90581,0.953767,0.953507,0.953637,0.989983
TRAIN,5,10.0,102115,11034,0.924835,0.009156,0.990844,0.075165,92.44,7.56,10200,829,834,90252,0.924835,0.924415,0.924625,0.983714
TRAIN,10,20.0,102090,11034,0.901125,0.012079,0.987921,0.098875,90.03,9.97,9934,1090,1100,89966,0.901125,0.900308,0.900716,0.978548
VAL,1,2.0,21594,1289,0.849496,0.009554,0.990446,0.150504,84.95,15.05,1095,194,194,20111,0.849496,0.849496,0.849496,0.982032
VAL,3,6.0,21592,1289,0.567106,0.027484,0.972516,0.432894,56.71,43.29,731,558,558,19745,0.567106,0.567106,0.567106,0.948314
VAL,5,10.0,21590,1289,0.309542,0.04384,0.95616,0.690458,30.95,69.05,399,890,890,19411,0.309542,0.309542,0.309542,0.917554
VAL,10,20.0,21585,1289,0.220326,0.049517,0.950483,0.779674,22.03,77.97,284,1005,1005,19291,0.220326,0.220326,0.220326,0.90688
TEST,1,2.0,64782,18873,0.999629,0.000152,0.999848,0.000371,99.96,0.04,18866,7,7,45902,0.999629,0.999629,0.999629,0.999784
TEST,3,6.0,64776,18871,0.998887,0.000457,0.999543,0.001113,99.89,0.11,18850,21,21,45884,0.998887,0.998887,0.998887,0.999352
TEST,5,10.0,64770,18869,0.998145,0.000763,0.999237,0.001855,99.81,0.19,18834,35,35,45866,0.998145,0.998145,0.998145,0.998919
TEST,10,20.0,64755,18864,0.996554,0.001416,0.998584,0.003446,99.66,0.34,18799,65,65,45826,0.996554,0.996554,0.996554,0.997992
ALL,1,2.0,188511,31196,0.988107,0.002365,0.997635,0.011893,98.81,1.19,30824,371,372,156944,0.988107,0.988075,0.988091,0.996059
ALL,3,6.0,188493,31194,0.965086,0.006942,0.993058,0.034914,96.5,3.5,30102,1089,1092,156210,0.965086,0.964993,0.96504,0.988429
ALL,5,10.0,188475,31192,0.943759,0.011183,0.988817,0.056241,94.36,5.64,29433,1754,1759,155529,0.943759,0.943607,0.943683,0.981361
ALL,10,20.0,188430,31187,0.930718,0.013799,0.986201,0.069282,93.04,6.96,29017,2160,2170,155083,0.930718,0.93042,0.930569,0.977021
