experiment_id,git_commit,model,K,horizon_seconds,K_train,K_eval,lambda_attack,positive_weighting,seed,threshold,state_MAE,state_MSE,PR_AUC,ROC_AUC,precision,recall,F1,FPR,false_alarms_per_hour,onset_recall,median_lead_time,mean_lead_time,validation_selection_metric,status,val_best_f1
E001_Persistence_K1,6d20a8e,Persistence,1,2,N/A,1,N/A,True,42,N/A,N/A,N/A,0.9997,0.9997,0.9996,0.9996,0.9996,0.0002,0.2,0.0,0s,N/A,val_f1,VALID,N/A
E001_Persistence_K10,6d20a8e,Persistence,10,20,N/A,10,N/A,True,42,N/A,N/A,N/A,0.997,0.9976,0.9965,0.9965,0.9965,0.0014,1.81,0.0,0s,N/A,val_f1,VALID,N/A
E001_Persistence_K50,6d20a8e,Persistence,50,100,N/A,50,N/A,True,42,N/A,N/A,N/A,0.9881,0.9902,0.9861,0.9861,0.9861,0.0057,7.27,0.0,0s,N/A,val_f1,VALID,N/A
E001_LogisticRegression_K1,6d20a8e,LogisticRegression,1,2,N/A,1,N/A,True,42,0.36,N/A,N/A,0.5447,0.7548,0.8075,0.1193,0.2078,0.0117,14.91,N/A,N/A,N/A,val_f1,VALID,N/A
E001_LogisticRegression_K10,6d20a8e,LogisticRegression,10,20,N/A,10,N/A,True,42,0.29,N/A,N/A,0.423,0.6902,0.6262,0.0485,0.0901,0.0119,15.18,N/A,N/A,N/A,val_f1,VALID,N/A
E001_LogisticRegression_K50,6d20a8e,LogisticRegression,50,100,N/A,50,N/A,True,42,0.39,N/A,N/A,0.3238,0.4901,0.5859,0.0323,0.0612,0.0094,11.95,N/A,N/A,N/A,val_f1,VALID,N/A
E001_RandomForest_K1,6d20a8e,RandomForest,1,2,N/A,1,N/A,True,42,0.43,N/A,N/A,0.6451,0.8136,0.9368,0.1142,0.2035,0.0032,4.04,N/A,N/A,N/A,val_f1,VALID,N/A
E001_RandomForest_K10,6d20a8e,RandomForest,10,20,N/A,10,N/A,True,42,0.02,N/A,N/A,0.5843,0.7796,0.406,0.8967,0.5589,0.5391,687.73,N/A,N/A,N/A,val_f1,VALID,N/A
E001_RandomForest_K50,6d20a8e,RandomForest,50,100,N/A,50,N/A,True,42,0.23,N/A,N/A,0.6329,0.7951,0.725,0.1999,0.3134,0.0312,39.76,N/A,N/A,N/A,val_f1,VALID,N/A
E002_K1_lam0p1_nopw,6d20a8e,SparseRSSM,1,2,1,1,0.1,False,42,0.01,0.2388,0.457,0.4868,0.7385,0.4515,0.6478,0.5321,0.3234,412.56,see_onset_table,see_onset_table,see_onset_table,val_f1,VALID,0.1434
E002_K1_lam0p5_nopw,6d20a8e,SparseRSSM,1,2,1,1,0.5,False,42,0.08,0.2441,0.4662,0.5351,0.7555,0.6906,0.1585,0.2578,0.0292,37.22,see_onset_table,see_onset_table,see_onset_table,val_f1,VALID,0.1937
E002_K1_lam1p0_nopw,6d20a8e,SparseRSSM,1,2,1,1,1.0,False,42,0.09,0.2448,0.477,0.5797,0.7719,0.7247,0.1897,0.3007,0.0296,37.78,see_onset_table,see_onset_table,see_onset_table,val_f1,VALID,0.2308
E002_K1_lam2p0_nopw,6d20a8e,SparseRSSM,1,2,1,1,2.0,False,42,0.08,0.2447,0.4894,0.5989,0.7812,0.7641,0.191,0.3056,0.0242,30.9,see_onset_table,see_onset_table,see_onset_table,val_f1,VALID,0.2669
E002_K1_lam5p0_nopw,6d20a8e,SparseRSSM,1,2,1,1,5.0,False,42,0.09,0.2466,0.5125,0.6156,0.7908,0.8126,0.1742,0.2869,0.0165,21.06,see_onset_table,see_onset_table,see_onset_table,val_f1,VALID,0.2934
E003_K1_lam5p0_pwno,6d20a8e,SparseRSSM,1,2,1,1,5.0,False,42,0.09,0.2466,0.5125,0.6156,0.7908,0.8126,0.1742,0.2869,0.0165,21.06,see_onset_table,see_onset_table,see_onset_table,val_f1,VALID,0.2934
E003_K1_lam5p0_pwyes,6d20a8e,SparseRSSM,1,2,1,1,5.0,True,42,0.51,0.2497,0.5322,0.6069,0.7867,0.8466,0.1818,0.2994,0.0135,17.27,see_onset_table,see_onset_table,see_onset_table,val_f1,VALID,0.3329
E004_K1_lam5p0_pwyes,6d20a8e,SparseRSSM,1,2,1,1,5.0,True,42,0.51,0.2497,0.5322,0.6069,0.7867,0.8466,0.1818,0.2994,0.0135,17.27,see_onset_table,see_onset_table,see_onset_table,val_f1,VALID,0.3329
E004_K10_lam5p0_pwyes,6d20a8e,SparseRSSM,10,20,10,10,5.0,True,42,0.01,0.292,0.6456,0.5462,0.7483,0.4723,0.4947,0.4832,0.227,289.66,see_onset_table,see_onset_table,see_onset_table,val_f1,VALID,0.1439
E004_K50_lam5p0_pwyes,6d20a8e,SparseRSSM,50,100,50,50,5.0,True,42,0.33,0.297,0.6512,0.4173,0.5468,0.8634,0.1108,0.1964,0.0072,9.19,see_onset_table,see_onset_table,see_onset_table,val_f1,VALID,0.159
E005_K1_seed42,6d20a8e,SparseRSSM,1,2,1,1,5.0,True,42,0.51,0.2497,0.5322,0.6069,0.7867,0.8466,0.1818,0.2994,0.0135,17.27,see_onset_table,see_onset_table,see_onset_table,val_f1,VALID,0.3329
E005_K1_seed123,6d20a8e,SparseRSSM,1,2,1,1,5.0,True,123,0.52,0.2483,0.5251,0.5863,0.7834,0.8369,0.132,0.2281,0.0106,13.48,see_onset_table,see_onset_table,see_onset_table,val_f1,VALID,0.3358
E005_K1_seed2025,6d20a8e,SparseRSSM,1,2,1,1,5.0,True,2025,0.58,0.2513,0.5314,0.6372,0.8073,0.8878,0.1703,0.2858,0.0088,11.28,see_onset_table,see_onset_table,see_onset_table,val_f1,VALID,0.3346
