Setting,Model,Variant,Parameters,Precision,Recall,F1_Score,PR_AUC,ROC_AUC,FPR,Onset_Recall,Events_Detected,Total_Events,Median_Lead_Time_sec,Missed_Episodes,Window_FA_per_Hour,Incident_FA_per_Hour,State_MAE,State_MSE
Setting A,Majority Class,Constant_0,0,0.0000,0.0000,0.0000,0.1588,0.5000,0.00000,0.0000,0,29,0.0,29,0.00,0.00,N/A,N/A
Setting A,Persistence,y_t_current,0,0.9435,0.9416,0.9425,0.8977,0.9655,0.01065,0.0000,0,29,0.0,29,0.00,0.00,N/A,N/A
Setting A,Logistic Regression,Static_54D_Balanced,55,0.3626,0.9923,0.5312,0.9548,0.9850,0.32926,0.9655,28,29,20.0,1,576.74,6.40,N/A,N/A
Setting A,Random Forest,Static_54D_Balanced,250000,0.3681,0.9267,0.5269,0.5014,0.8748,0.30036,0.9655,28,29,20.0,1,524.34,8.91,N/A,N/A
Setting A,GRU Forecaster,Sequence_10step_54D,239517,0.4505,0.9947,0.6201,0.9653,0.9898,0.22906,0.9655,28,29,20.0,1,394.36,10.08,0.2199,0.3647
Setting A,Temporal Transformer,Sequence_10step_54D,341789,0.5114,0.9891,0.6742,0.9683,0.9904,0.17841,0.9310,27,29,20.0,2,303.02,11.78,0.2354,0.3589
Setting A,SparseRSSM (Raw),Latent_World_Model,214334,0.5106,0.9867,0.6729,0.9678,0.9041,0.17857,0.9310,27,29,20.0,2,303.68,11.82,0.2234,0.3779
Setting A,SparseRSSM (Dual-Threshold),Filtered_Hysteresis,214334,0.7150,0.9478,0.8151,0.9678,0.9324,0.06940,0.7931,23,29,20.0,6,119.23,4.24,0.2234,0.3779
Setting A,TFCNet (Raw),Time_Frequency_Spectral,400914,0.4672,0.9478,0.6259,0.8283,0.8719,0.20404,0.9655,28,29,20.0,1,351.74,13.62,0.1909,0.3150
Setting A,TFCNet (Dual-Threshold),Filtered_Hysteresis,400914,0.7739,0.4962,0.6047,0.8283,0.7321,0.02720,0.6207,18,29,20.0,11,46.74,1.82,0.1909,0.3150
Setting A,Hybrid Latent Fusion,Single_Binary_Classifier,734350,0.4399,0.8715,0.5846,0.8949,0.8310,0.20952,0.9655,28,29,20.0,1,359.76,14.12,0.1930,0.3082
Setting A,Hybrid Fusion (Dual-Threshold),Filtered_Hysteresis,734350,0.9167,0.8046,0.8570,0.8949,0.8955,0.01300,0.3103,9,29,20.0,20,22.30,0.81,0.1930,0.3082
Setting A,Two-Stage System (Incident Aggregated),Scout_Plus_Gate,615248,0.4685,1.0000,0.6381,0.9682,0.9901,0.21040,1.0000,29,29,20.0,0,350.20,0.07,0.1909,0.3082
Setting B,Majority Class,Constant_0,0,0.0000,0.0000,0.0000,0.2913,0.5000,0.00000,0.0000,0,7,0.0,7,0.00,0.00,N/A,N/A
Setting B,Persistence,y_t_current,0,0.9966,0.9966,0.9966,0.9941,0.9976,0.00142,0.0000,0,7,0.0,7,0.00,0.00,N/A,N/A
Setting B,Logistic Regression,Static_54D_Balanced,55,0.4118,0.8418,0.5531,0.5004,0.7314,0.49413,1.0000,7,7,20.0,0,888.35,17.02,N/A,N/A
Setting B,Random Forest,Static_54D_Balanced,250000,0.4090,0.8879,0.5600,0.6094,0.7728,0.52728,1.0000,7,7,20.0,0,948.12,4.99,N/A,N/A
Setting B,GRU Forecaster,Sequence_10step_54D,239517,0.4444,0.5572,0.4944,0.4962,0.7190,0.28633,0.5714,4,7,20.0,3,514.18,26.17,0.2640,0.3387
Setting B,Temporal Transformer,Sequence_10step_54D,341789,0.3663,0.1697,0.2319,0.3501,0.5977,0.12066,0.2857,2,7,20.0,5,217.20,28.14,0.2707,0.3364
Setting B,SparseRSSM (Raw),Latent_World_Model,214334,0.4671,0.3108,0.3732,0.4803,0.5825,0.14573,0.4286,3,7,20.0,4,261.93,12.44,0.2841,0.3775
Setting B,SparseRSSM (Dual-Threshold),Filtered_Hysteresis,214334,0.5797,0.1503,0.2386,0.4803,0.5401,0.04500,0.0000,0,7,0.0,7,80.68,3.72,0.2841,0.3775
Setting B,TFCNet (Raw),Time_Frequency_Spectral,400914,0.3814,0.9967,0.5517,0.5661,0.6661,0.66451,1.0000,7,7,20.0,0,1195.19,38.12,0.2557,0.3291
Setting B,TFCNet (Dual-Threshold),Filtered_Hysteresis,400914,0.5934,0.3167,0.4130,0.5661,0.5982,0.08900,0.5714,4,7,20.0,3,159.91,6.84,0.2557,0.3291
Setting B,Hybrid Latent Fusion,Single_Binary_Classifier,734350,0.5952,0.3324,0.4266,0.5680,0.6197,0.09291,0.2857,2,7,20.0,5,166.59,7.12,0.2510,0.3188
Setting B,Hybrid Dual-Thresh,Filtered_Hysteresis,734350,0.8131,0.1172,0.2049,0.5680,0.5489,0.01100,0.0000,0,7,0.0,7,19.77,0.72,0.2510,0.3188
Setting B,Two-Stage System (Incident Aggregated),Scout_Plus_Gate,615248,0.3786,1.0000,0.5492,0.5680,0.6661,0.66500,1.0000,7,7,20.0,0,1213.51,0.12,0.2510,0.3188
Setting C,Majority Class,Constant_0,0,0.0000,0.0000,0.0000,0.2913,0.5000,0.00000,0.0000,0,7,0.0,7,0.00,0.00,N/A,N/A
Setting C,Persistence,y_t_current,0,0.9966,0.9966,0.9966,0.9941,0.9976,0.00142,0.0000,0,7,0.0,7,0.00,0.00,N/A,N/A
Setting C,Logistic Regression,Static_54D_Balanced,55,0.4118,0.8418,0.5531,0.5004,0.7314,0.49413,1.0000,7,7,20.0,0,888.35,17.02,N/A,N/A
Setting C,Random Forest,Static_54D_Balanced,250000,0.4090,0.8879,0.5600,0.6094,0.7728,0.52728,1.0000,7,7,20.0,0,948.12,4.99,N/A,N/A
Setting C,GRU Forecaster,Sequence_10step_54D,239517,0.4691,0.4907,0.4797,0.4836,0.7215,0.22826,0.4286,3,7,20.0,4,410.00,26.02,0.2656,0.3378
Setting C,Temporal Transformer,Sequence_10step_54D,341789,0.3087,0.1612,0.2118,0.2766,0.4429,0.14841,0.2857,2,7,20.0,5,267.23,20.63,0.2721,0.3414
Setting C,SparseRSSM (Raw),Latent_World_Model,214334,0.3890,0.9605,0.5537,0.5100,0.6701,0.62019,1.0000,7,7,20.0,0,1115.38,34.12,0.3166,0.4766
Setting C,SparseRSSM (Dual-Threshold),Filtered_Hysteresis,214334,0.8446,0.1234,0.2153,0.5100,0.5369,0.00900,0.0000,0,7,0.0,7,16.78,0.62,0.3166,0.4766
Setting C,TFCNet (Raw),Time_Frequency_Spectral,400914,0.3808,0.9976,0.5512,0.5393,0.6654,0.66688,1.0000,7,7,20.0,0,1199.48,38.24,0.2494,0.3247
Setting C,TFCNet (Dual-Threshold),Filtered_Hysteresis,400914,0.5289,0.4338,0.4767,0.5393,0.6321,0.15800,0.7143,5,7,20.0,2,285.07,11.20,0.2494,0.3247
Setting C,Hybrid Latent Fusion,Single_Binary_Classifier,734350,0.4561,0.3518,0.3972,0.4950,0.5897,0.17245,0.4286,3,7,20.0,4,309.75,12.80,0.2474,0.3269
Setting C,Hybrid Dual-Thresh,Filtered_Hysteresis,734350,0.8404,0.1137,0.2002,0.4950,0.5482,0.00900,0.0000,0,7,0.0,7,15.96,0.58,0.2474,0.3269
Setting C,Two-Stage System (Incident Aggregated),Scout_Plus_Gate,615248,0.3783,0.9797,0.5458,0.5393,0.6654,0.66500,1.0000,7,7,20.0,0,1190.56,0.12,0.2474,0.3269
