Setting,Architecture,Precision,Recall,F1_Score,Onset_Recall,Lead_Time_sec,Incident_FA_per_Hour,Window_FA_per_Hour,Alerts_per_Episode,Missed_Episodes
Setting A,SparseRSSM (Standalone 0.50),0.4322491789384469,0.8721675929884566,0.5780264928809238,0.9655172413793104,20.0,8.464180569185476,371.98233562316,4.032258064516129,1
Setting A,TFCNet (Standalone 0.50),0.29289069840275606,0.9995724668661822,0.4530349270939302,1.0,20.0,7.580961727183514,807.0412168792934,3.3225806451612905,0
Setting A,Hybrid Ensemble (Single Classifier 0.50),0.7889737765847615,0.8168020521590423,0.8026467808003362,0.4827586206896552,20.0,8.611383709519137,69.77428851815506,4.483870967741935,15
Setting A,Two-Stage Early-Warning + Confirmation (Incident Aggregated),0.15880236268585785,1.0,0.2740801499882822,1.0,20.0,0.07360157016683024,1800.0,0.03225806451612903,0
Setting B,SparseRSSM (Standalone 0.50),0.7197634101570467,0.1871652081675948,0.2970788786934927,0.14285714285714285,20.0,8.174137065257733,53.56417701897256,64.85714285714286,6
Setting B,TFCNet (Standalone 0.50),0.3786220606839495,1.0,0.5492760800536022,1.0,20.0,0.11789620767198655,1213.3091718883043,0.5714285714285714,0
Setting B,Hybrid Ensemble (Single Classifier 0.50),0.8522349464351681,0.12235481304693716,0.2139875707262777,0.0,0.0,2.790210248237015,15.562299412702224,26.714285714285715,7
Setting B,Two-Stage Early-Warning + Confirmation (Incident Aggregated),0.3785840494739378,1.0,0.5492360797564776,1.0,20.0,0.11789620767198655,1213.5056655677577,0.5714285714285714,0
Setting C,SparseRSSM (Standalone 0.50),0.6044582685329186,0.12368072129408644,0.20534495663276534,0.14285714285714285,20.0,6.1306027989433005,59.96987096915049,43.142857142857146,6
Setting C,TFCNet (Standalone 0.50),0.09090909090909091,5.303632988597189e-05,0.0001060108131029365,0.0,0.0,0.15719494356264874,0.39298735890662184,0.7142857142857143,7
Setting C,Hybrid Ensemble (Single Classifier 0.50),0.8639863130881095,0.10713338636966321,0.1906289812673996,0.0,0.0,2.4365216252210553,12.496998013230574,22.0,7
Setting C,Two-Stage Early-Warning + Confirmation (Incident Aggregated),0.37825828777361425,0.9797401219835588,0.5457956627075577,1.0,20.0,0.11789620767198655,1190.5552038076107,0.5714285714285714,0
