file,attack_label,count,start_time,end_time,duration_minutes
Friday-02-03-2018_TrafficForML_CICFlowMeter.csv,Bot,286191,2018-03-02 01:00:00,2018-03-02 12:59:59,719.9833333333333
Friday-16-02-2018_TrafficForML_CICFlowMeter.csv,DoS attacks-SlowHTTPTest,139890,2018-02-16 10:12:14,2018-02-16 10:58:08,45.9
Friday-16-02-2018_TrafficForML_CICFlowMeter.csv,DoS attacks-Hulk,461912,2018-02-16 01:45:27,2018-02-16 01:48:44,3.283333333333333
Friday-23-02-2018_TrafficForML_CICFlowMeter.csv,Brute Force -Web,362,2018-02-23 09:17:04,2018-02-23 11:02:58,105.9
Friday-23-02-2018_TrafficForML_CICFlowMeter.csv,Brute Force -XSS,151,2018-02-23 01:01:04,2018-02-23 02:10:05,69.01666666666667
Friday-23-02-2018_TrafficForML_CICFlowMeter.csv,SQL Injection,53,2018-02-23 03:05:22,2018-02-23 10:53:21,467.98333333333335
Thursday-01-03-2018_TrafficForML_CICFlowMeter.csv,Infilteration,93063,2018-03-01 02:00:00,2018-03-01 10:54:59,534.9833333333333
Thursday-15-02-2018_TrafficForML_CICFlowMeter.csv,DoS attacks-GoldenEye,41508,2018-02-15 09:27:42,2018-02-15 10:02:59,35.28333333333333
Thursday-15-02-2018_TrafficForML_CICFlowMeter.csv,DoS attacks-Slowloris,10990,2018-02-15 11:00:12,2018-02-15 11:42:01,41.81666666666667
Thursday-22-02-2018_TrafficForML_CICFlowMeter.csv,Brute Force -Web,249,2018-02-22 10:13:44,2018-02-22 11:23:11,69.45
Thursday-22-02-2018_TrafficForML_CICFlowMeter.csv,Brute Force -XSS,79,2018-02-22 01:51:39,2018-02-22 02:28:40,37.016666666666666
Thursday-22-02-2018_TrafficForML_CICFlowMeter.csv,SQL Injection,34,2018-02-22 01:52:33,2018-02-22 11:09:45,557.2
Wednesday-14-02-2018_TrafficForML_CICFlowMeter.csv,FTP-BruteForce,193360,2018-02-14 10:33:26,2018-02-14 12:10:31,97.08333333333333
Wednesday-14-02-2018_TrafficForML_CICFlowMeter.csv,SSH-Bruteforce,187589,2018-02-14 02:01:21,2018-02-14 03:32:30,91.15
Wednesday-21-02-2018_TrafficForML_CICFlowMeter.csv,DDOS attack-LOIC-UDP,1730,2018-02-21 10:08:51,2018-02-21 10:43:16,34.416666666666664
Wednesday-21-02-2018_TrafficForML_CICFlowMeter.csv,DDOS attack-HOIC,686012,2018-02-21 02:11:08,2018-02-21 02:33:29,22.35
Wednesday-28-02-2018_TrafficForML_CICFlowMeter.csv,Infilteration,68871,2018-02-28 01:42:00,2018-02-28 12:04:59,622.9833333333333
