source_file,rows_input,rows_output,repeated_headers_removed,invalid_timestamps,suspicious_timestamps,negative_durations,infinities,duplicates,rows_removed,rows_retained,sha256_input,sha256_output
Friday-02-03-2018_TrafficForML_CICFlowMeter.csv,1048575,1048575,0,0,0,0,5542,5459,0,1048575,d96f38e7496aba83475031e6fb8c6fdf1abf6aa1b71325a917798f3c7de93de1,f1d9d7e6bd43b758400156a53792a1fb4860ab9cfd00255a3ac3a7418b2da72c
Friday-16-02-2018_TrafficForML_CICFlowMeter.csv,1048575,1048574,1,0,0,0,0,147586,1,1048574,1a4919faa0c49c7af97230b0c2d076eba23ee6dd81103a3801d51ac316355d8b,23f5605c539e579d5384472b769df6842f8e8418cd30c8f0b2fa9a57e364f491
Friday-23-02-2018_TrafficForML_CICFlowMeter.csv,1048575,1048575,0,0,0,0,7662,2614,0,1048575,d0a7f5059d9823b6e9b392b759e306481a3502d190dea7a1b5502ae079ea069b,5530e4275f008614956e52a1eb528238c7122146d67ebcd1cf3e690d9ac1b5ac
Thursday-01-03-2018_TrafficForML_CICFlowMeter.csv,331125,331100,25,0,0,0,4004,73,25,331100,b0534c5d7d8b41e03df71c6966c995d116a8ed28e61f377c8b14cdf5d28f4edf,6e1b7f15714809dc90d657e8b5992afb90827785c7d25f50c4907d2faf6e6121
Thursday-15-02-2018_TrafficForML_CICFlowMeter.csv,1048575,1048575,0,0,0,0,11133,2421,0,1048575,fa2947a8256d81ee9103ae16139d62d0e17aa23e696ee80d9e76fb51c01c9c4b,72ee740175668d2ef26209cac4c02834546934cfcf7aefa7ac11989fa77291f5
Thursday-22-02-2018_TrafficForML_CICFlowMeter.csv,1048575,1048566,0,0,9,9,7651,3278,9,1048566,da33c927018274f9d49b145baa00e4ce0526c25b3b890b34c489e247b5e24544,1290fdd206fd20db875283b918b9f5acbede8d50438474fb771add74d53623a9
Wednesday-14-02-2018_TrafficForML_CICFlowMeter.csv,1048575,1048570,0,0,5,5,5371,225628,5,1048570,acff8bc61376ee031d80878ee6099e0b1a87a1bd711d8068298421418c9f8147,6e07f9f2d2b3efb8abd0366d7bdd585da0bb01cef73b1718df1cc0e292fa95f8
Wednesday-21-02-2018_TrafficForML_CICFlowMeter.csv,1048575,1048575,0,0,0,0,0,17557,0,1048575,a5f4a1c2689e0aa6566c03a58466de9c407c0be0cbd3cc69306544026611be04,6a85ba64ae65319360d7bacc9bb08f9e299e419b41752bfadb97fca2dc3cc3d5
Wednesday-28-02-2018_TrafficForML_CICFlowMeter.csv,613104,613071,33,0,0,0,8297,6089,33,613071,f15e2a12304446058a0186c8ad67de2bd15735a9ba5c70c9a1f4c4242ab06771,18394189b1be1559cd93faa15e15bd68c2579da1c99284bf6618761d2b95c6bb
