filename,s3_uri,local_path,size_bytes,sha256,download_status,download_timestamp,source_verified
Wednesday-14-02-2018_TrafficForML_CICFlowMeter.csv,s3://cse-cic-ids2018/Processed Traffic Data for ML Algorithms/Wednesday-14-02-2018_TrafficForML_CICFlowMeter.csv,C:/CyberSecurityNetworkingAttackPredictionModel/data/raw/cse_cic_ids2018\Wednesday-14-02-2018_TrafficForML_CICFlowMeter.csv,358223333,acff8bc61376ee031d80878ee6099e0b1a87a1bd711d8068298421418c9f8147,SUCCESS,2026-09-04T09:14:29.753776+00:00,AWS Open Data Registry (s3://cse-cic-ids2018)
Thursday-15-02-2018_TrafficForML_CICFlowMeter.csv,s3://cse-cic-ids2018/Processed Traffic Data for ML Algorithms/Thursday-15-02-2018_TrafficForML_CICFlowMeter.csv,C:/CyberSecurityNetworkingAttackPredictionModel/data/raw/cse_cic_ids2018\Thursday-15-02-2018_TrafficForML_CICFlowMeter.csv,375945899,fa2947a8256d81ee9103ae16139d62d0e17aa23e696ee80d9e76fb51c01c9c4b,SUCCESS,2026-09-04T09:16:09.182979+00:00,AWS Open Data Registry (s3://cse-cic-ids2018)
Friday-16-02-2018_TrafficForML_CICFlowMeter.csv,s3://cse-cic-ids2018/Processed Traffic Data for ML Algorithms/Friday-16-02-2018_TrafficForML_CICFlowMeter.csv,C:/CyberSecurityNetworkingAttackPredictionModel/data/raw/cse_cic_ids2018\Friday-16-02-2018_TrafficForML_CICFlowMeter.csv,333723605,1a4919faa0c49c7af97230b0c2d076eba23ee6dd81103a3801d51ac316355d8b,SUCCESS,2026-09-04T09:17:33.475311+00:00,AWS Open Data Registry (s3://cse-cic-ids2018)
Wednesday-21-02-2018_TrafficForML_CICFlowMeter.csv,s3://cse-cic-ids2018/Processed Traffic Data for ML Algorithms/Wednesday-21-02-2018_TrafficForML_CICFlowMeter.csv,C:/CyberSecurityNetworkingAttackPredictionModel/data/raw/cse_cic_ids2018\Wednesday-21-02-2018_TrafficForML_CICFlowMeter.csv,328893673,a5f4a1c2689e0aa6566c03a58466de9c407c0be0cbd3cc69306544026611be04,SUCCESS,2026-09-04T09:19:05.239483+00:00,AWS Open Data Registry (s3://cse-cic-ids2018)
Thursday-22-02-2018_TrafficForML_CICFlowMeter.csv,s3://cse-cic-ids2018/Processed Traffic Data for ML Algorithms/Thursday-22-02-2018_TrafficForML_CICFlowMeter.csv,C:/CyberSecurityNetworkingAttackPredictionModel/data/raw/cse_cic_ids2018\Thursday-22-02-2018_TrafficForML_CICFlowMeter.csv,382636202,da33c927018274f9d49b145baa00e4ce0526c25b3b890b34c489e247b5e24544,SUCCESS,2026-09-04T09:20:58.865036+00:00,AWS Open Data Registry (s3://cse-cic-ids2018)
Friday-23-02-2018_TrafficForML_CICFlowMeter.csv,s3://cse-cic-ids2018/Processed Traffic Data for ML Algorithms/Friday-23-02-2018_TrafficForML_CICFlowMeter.csv,C:/CyberSecurityNetworkingAttackPredictionModel/data/raw/cse_cic_ids2018\Friday-23-02-2018_TrafficForML_CICFlowMeter.csv,382840456,d0a7f5059d9823b6e9b392b759e306481a3502d190dea7a1b5502ae079ea069b,SUCCESS,2026-09-04T09:23:17.989131+00:00,AWS Open Data Registry (s3://cse-cic-ids2018)
Wednesday-28-02-2018_TrafficForML_CICFlowMeter.csv,s3://cse-cic-ids2018/Processed Traffic Data for ML Algorithms/Wednesday-28-02-2018_TrafficForML_CICFlowMeter.csv,C:/CyberSecurityNetworkingAttackPredictionModel/data/raw/cse_cic_ids2018\Wednesday-28-02-2018_TrafficForML_CICFlowMeter.csv,209249758,f15e2a12304446058a0186c8ad67de2bd15735a9ba5c70c9a1f4c4242ab06771,SUCCESS,2026-09-04T09:24:42.178037+00:00,AWS Open Data Registry (s3://cse-cic-ids2018)
Thursday-01-03-2018_TrafficForML_CICFlowMeter.csv,s3://cse-cic-ids2018/Processed Traffic Data for ML Algorithms/Thursday-01-03-2018_TrafficForML_CICFlowMeter.csv,C:/CyberSecurityNetworkingAttackPredictionModel/data/raw/cse_cic_ids2018\Thursday-01-03-2018_TrafficForML_CICFlowMeter.csv,107842858,b0534c5d7d8b41e03df71c6966c995d116a8ed28e61f377c8b14cdf5d28f4edf,VERIFIED_EXISTING,2018-10-11T16:08:38+00:00,AWS Open Data Registry (s3://cse-cic-ids2018)
Friday-02-03-2018_TrafficForML_CICFlowMeter.csv,s3://cse-cic-ids2018/Processed Traffic Data for ML Algorithms/Friday-02-03-2018_TrafficForML_CICFlowMeter.csv,C:/CyberSecurityNetworkingAttackPredictionModel/data/raw/cse_cic_ids2018\Friday-02-03-2018_TrafficForML_CICFlowMeter.csv,352368373,d96f38e7496aba83475031e6fb8c6fdf1abf6aa1b71325a917798f3c7de93de1,SUCCESS,2026-09-04T09:26:30.328747+00:00,AWS Open Data Registry (s3://cse-cic-ids2018)
