observed_behavior,dataset_label,mitre_id,mitre_name,mapping_type,confidence,evidence,source,notes
High-frequency authentication attempts on Port 21 (FTP),FTP-BruteForce,T1110.001,Brute Force: Password Guessing,VERIFIED,HIGH,Patator dictionary attack on port 21,Official CSE-CIC-IDS2018 Documentation,Mapped to Credential Access (TA0006)
High-frequency authentication attempts on Port 22 (SSH),SSH-Bruteforce,T1110.001,Brute Force: Password Guessing,VERIFIED,HIGH,Patator dictionary attack on port 22,Official CSE-CIC-IDS2018 Documentation,Mapped to Credential Access (TA0006)
Automated HTTP POST credential brute force against web forms,Brute Force -Web,T1110.001,Brute Force: Password Guessing,VERIFIED,HIGH,Hydra web login brute-force attempts,Official CSE-CIC-IDS2018 Documentation,Mapped to Credential Access (TA0006)
Stored & Reflected Cross-Site Scripting script injection,Brute Force -XSS,T1190,Exploit Public-Facing Application,STRONGLY_SUPPORTED,HIGH,XSS payloads in HTTP requests,Official CSE-CIC-IDS2018 Documentation,Mapped to Initial Access (TA0001) / Execution (TA0002)
SQL injection payloads targeting backend database,SQL Injection,T1190,Exploit Public-Facing Application,STRONGLY_SUPPORTED,HIGH,SQL syntax injection in HTTP parameters,Official CSE-CIC-IDS2018 Documentation,Mapped to Initial Access (TA0001)
Slow incomplete HTTP requests starving server connection pool,DoS attacks-Slowloris,T1499.003,Endpoint Denial of Service: App Exhaustion,STRONGLY_SUPPORTED,HIGH,Slowloris header starvation flows,Official CSE-CIC-IDS2018 Documentation,Mapped to Impact (TA0040)
Slow HTTP POST request body transmission starving threads,DoS attacks-SlowHTTPTest,T1499.003,Endpoint Denial of Service: App Exhaustion,STRONGLY_SUPPORTED,HIGH,SlowHTTPTest keep-alive starvation,Official CSE-CIC-IDS2018 Documentation,Mapped to Impact (TA0040)
High-volume HTTP request flood exhausting server CPU/RAM,DoS attacks-Hulk,T1498.001,Network Denial of Service: Direct Flood,STRONGLY_SUPPORTED,HIGH,Hulk multi-threaded HTTP flood,Official CSE-CIC-IDS2018 Documentation,Mapped to Impact (TA0040)
Keep-Alive & No-Cache HTTP flood starving web sockets,DoS attacks-GoldenEye,T1499.003,Endpoint Denial of Service: App Exhaustion,STRONGLY_SUPPORTED,HIGH,GoldenEye exhaustion attacks,Official CSE-CIC-IDS2018 Documentation,Mapped to Impact (TA0040)
Volumetric UDP packet flooding saturating network bandwidth,DDOS attack-LOIC-UDP,T1498.001,Network Denial of Service: Direct Flood,STRONGLY_SUPPORTED,HIGH,LOIC UDP flood packet storm,Official CSE-CIC-IDS2018 Documentation,Mapped to Impact (TA0040)
High-Orbit Ion Cannon multi-threaded HTTP request flood,DDOS attack-HOIC,T1498.001,Network Denial of Service: Direct Flood,STRONGLY_SUPPORTED,HIGH,HOIC booster-assisted volumetric DDoS,Official CSE-CIC-IDS2018 Documentation,Mapped to Impact (TA0040)
"Internal foothold, reconnaissance, lateral movement & exfiltration",Infilteration,T1210 / T1567,Exploitation of Remote Services / Exfiltration,HEURISTIC,MEDIUM,Multi-stage Dropbox payload to lateral exploit,Official CSE-CIC-IDS2018 Documentation,Mapped to Lateral Movement (TA0008) / Exfiltration (TA0010)
ARES Botnet command-and-control beaconing & scanning,Bot,T1071.001,Application Layer Protocol: Web Protocols,STRONGLY_SUPPORTED,HIGH,Periodic HTTP C2 communication,Official CSE-CIC-IDS2018 Documentation,Mapped to Command and Control (TA0011)
