session_id,source_parquet,processed_parquet,source_flows,state_windows,attack_windows,benign_windows,attack_percentage,feature_dim,start_timestamp,end_timestamp,file_size_mb,sha256_hash
Friday-02-03-2018,Friday-02-03-2018.parquet,Friday-02-03-2018_states.parquet,1048575,21595,10218,11377,47.32%,54,2018-03-02 01:00:00,2018-03-02 12:59:58,3.87,a8a6f2a381a44a4fa63c7254d7caf1423c88a14829c2aa4eed6652d56c5fa124
Friday-16-02-2018,Friday-16-02-2018.parquet,Friday-16-02-2018_states.parquet,1048574,21532,1486,20046,6.90%,54,2018-02-16 01:00:32,2018-02-16 12:58:24,0.84,1b06a3e99d264879574a236b9ea9f894fe47f1f9e9af0c5d3c447431d146816f
Friday-23-02-2018,Friday-23-02-2018.parquet,Friday-23-02-2018_states.parquet,1048575,21595,1289,20306,5.97%,54,2018-02-23 01:00:00,2018-02-23 12:59:58,4.1,bf665dd9d40a923f7587e8ec93b410aae61b83a633019df0aed5bd89d79e0c8e
Thursday-01-03-2018,Thursday-01-03-2018.parquet,Thursday-01-03-2018_states.parquet,331100,21595,4658,16937,21.57%,54,2018-03-01 01:00:00,2018-03-01 12:59:58,3.7,6ae968a72052b3c0dd22890b206a823f494b122a3ffe6ea3cf93f3a2ccd26235
Thursday-15-02-2018,Thursday-15-02-2018.parquet,Thursday-15-02-2018_states.parquet,1048575,21595,1702,19893,7.88%,54,2018-02-15 01:00:00,2018-02-15 12:59:58,4.19,bccc7099eb503e482f7e1d15361d2b5e765c90e76f9f9062b46bf80e8e257d42
Thursday-22-02-2018,Thursday-22-02-2018.parquet,Thursday-22-02-2018_states.parquet,1048566,21595,809,20786,3.75%,54,2018-02-22 01:00:00,2018-02-22 12:59:58,4.04,d337638594a44b6523cc42173f38e449009494a26c07beef728b67d92f032fdb
Wednesday-14-02-2018,Wednesday-14-02-2018.parquet,Wednesday-14-02-2018_states.parquet,1048570,21595,5647,15948,26.15%,54,2018-02-14 01:00:00,2018-02-14 12:59:58,3.94,0731f31486ec562f209ca8efd169b9eab268d966c4019cfa735cfd00b28c3bcb
Wednesday-21-02-2018,Wednesday-21-02-2018.parquet,Wednesday-21-02-2018_states.parquet,1048575,15823,1390,14433,8.78%,54,2018-02-21 01:55:46,2018-02-21 10:43:20,0.8,d47cef86974435ddc4e627fda6223f5ec6dfd5b4b3f420c680d8096e71f07049
Wednesday-28-02-2018,Wednesday-28-02-2018.parquet,Wednesday-28-02-2018_states.parquet,613071,21595,3998,17597,18.51%,54,2018-02-28 01:00:00,2018-02-28 12:59:58,3.96,7fcbf74bfd9d22404b5b4bd22eb80ad3635678502584673aff2887f6b8a68c2c
