horizon_k,lead_time_sec,threshold,val_f1,val_precision,val_recall,val_fpr,val_pr_auc,val_roc_auc,pos_pred_rate
1,2.0,0.05,0.2636,0.1912,0.4244,0.1157,0.2359,0.7544,0.1344
1,2.0,0.1,0.2911,0.3973,0.2296,0.0225,0.2359,0.7544,0.035
1,2.0,0.15,0.2046,0.5223,0.1272,0.0075,0.2359,0.7544,0.0148
1,2.0,0.2,0.155,0.5577,0.09,0.0046,0.2359,0.7544,0.0098
1,2.0,0.25,0.1233,0.5742,0.069,0.0033,0.2359,0.7544,0.0073
1,2.0,0.3,0.1032,0.5794,0.0566,0.0027,0.2359,0.7544,0.0059
1,2.0,0.35,0.086,0.5607,0.0465,0.0024,0.2359,0.7544,0.005
1,2.0,0.4,0.0698,0.5517,0.0372,0.002,0.2359,0.7544,0.0041
1,2.0,0.45,0.06,0.5325,0.0318,0.0018,0.2359,0.7544,0.0036
1,2.0,0.5,0.0515,0.5,0.0272,0.0018,0.2359,0.7544,0.0033
1,2.0,0.55,0.0472,0.4848,0.0248,0.0017,0.2359,0.7544,0.0031
1,2.0,0.6,0.0458,0.4844,0.024,0.0017,0.2359,0.7544,0.003
1,2.0,0.65,0.0444,0.4839,0.0233,0.0016,0.2359,0.7544,0.0029
1,2.0,0.7,0.0444,0.4918,0.0233,0.0016,0.2359,0.7544,0.0029
1,2.0,0.75,0.0416,0.4912,0.0217,0.0015,0.2359,0.7544,0.0027
1,2.0,0.8,0.0402,0.5,0.0209,0.0014,0.2359,0.7544,0.0025
1,2.0,0.85,0.0344,0.4694,0.0178,0.0013,0.2359,0.7544,0.0023
1,2.0,0.9,0.0285,0.4419,0.0147,0.0012,0.2359,0.7544,0.002
10,20.0,0.05,0.089,0.0642,0.1451,0.1363,0.0665,0.5666,0.1368
10,20.0,0.1,0.0029,0.027,0.0016,0.0036,0.0665,0.5666,0.0035
10,20.0,0.15,0.0015,0.037,0.0008,0.0013,0.0665,0.5666,0.0013
10,20.0,0.2,0.0015,0.0476,0.0008,0.001,0.0665,0.5666,0.001
10,20.0,0.25,0.0,0.0,0.0,0.0008,0.0665,0.5666,0.0008
10,20.0,0.3,0.0,0.0,0.0,0.0005,0.0665,0.5666,0.0005
10,20.0,0.35,0.0,0.0,0.0,0.0005,0.0665,0.5666,0.0005
10,20.0,0.4,0.0,0.0,0.0,0.0005,0.0665,0.5666,0.0005
10,20.0,0.45,0.0,0.0,0.0,0.0004,0.0665,0.5666,0.0004
10,20.0,0.5,0.0,0.0,0.0,0.0004,0.0665,0.5666,0.0004
10,20.0,0.55,0.0,0.0,0.0,0.0004,0.0665,0.5666,0.0004
10,20.0,0.6,0.0,0.0,0.0,0.0004,0.0665,0.5666,0.0003
10,20.0,0.65,0.0,0.0,0.0,0.0004,0.0665,0.5666,0.0003
10,20.0,0.7,0.0,0.0,0.0,0.0003,0.0665,0.5666,0.0002
10,20.0,0.75,0.0,0.0,0.0,0.0001,0.0665,0.5666,0.0001
10,20.0,0.8,0.0,0.0,0.0,0.0001,0.0665,0.5666,0.0001
10,20.0,0.85,0.0,0.0,0.0,0.0,0.0665,0.5666,0.0
10,20.0,0.9,0.0,0.0,0.0,0.0,0.0665,0.5666,0.0
50,100.0,0.05,0.1408,0.1046,0.2155,0.1177,0.0992,0.6521,0.1236
50,100.0,0.1,0.0396,0.3034,0.0212,0.0031,0.0992,0.6521,0.0042
50,100.0,0.15,0.0151,0.2222,0.0078,0.0017,0.0992,0.6521,0.0021
50,100.0,0.2,0.0122,0.2286,0.0063,0.0013,0.0992,0.6521,0.0016
50,100.0,0.25,0.0123,0.2667,0.0063,0.0011,0.0992,0.6521,0.0014
50,100.0,0.3,0.0123,0.2857,0.0063,0.001,0.0992,0.6521,0.0013
50,100.0,0.35,0.0092,0.2727,0.0047,0.0008,0.0992,0.6521,0.001
50,100.0,0.4,0.0093,0.3158,0.0047,0.0006,0.0992,0.6521,0.0009
50,100.0,0.45,0.0093,0.3158,0.0047,0.0006,0.0992,0.6521,0.0009
50,100.0,0.5,0.0077,0.2941,0.0039,0.0006,0.0992,0.6521,0.0008
50,100.0,0.55,0.0077,0.3333,0.0039,0.0005,0.0992,0.6521,0.0007
50,100.0,0.6,0.0062,0.3636,0.0031,0.0003,0.0992,0.6521,0.0005
50,100.0,0.65,0.0062,0.4444,0.0031,0.0002,0.0992,0.6521,0.0004
50,100.0,0.7,0.0047,0.375,0.0024,0.0002,0.0992,0.6521,0.0004
50,100.0,0.75,0.0016,0.1667,0.0008,0.0002,0.0992,0.6521,0.0003
50,100.0,0.8,0.0,0.0,0.0,0.0002,0.0992,0.6521,0.0002
50,100.0,0.85,0.0,0.0,0.0,0.0001,0.0992,0.6521,0.0001
50,100.0,0.9,0.0,0.0,0.0,0.0001,0.0992,0.6521,0.0001
100,200.0,0.05,0.0072,0.0413,0.0039,0.0058,0.0727,0.5817,0.0057
100,200.0,0.1,0.0062,0.1739,0.0031,0.0009,0.0727,0.5817,0.0011
100,200.0,0.15,0.0062,0.2353,0.0031,0.0006,0.0727,0.5817,0.0008
100,200.0,0.2,0.0062,0.2667,0.0031,0.0005,0.0727,0.5817,0.0007
100,200.0,0.25,0.0062,0.2857,0.0031,0.0005,0.0727,0.5817,0.0007
100,200.0,0.3,0.0047,0.25,0.0024,0.0004,0.0727,0.5817,0.0006
100,200.0,0.35,0.0047,0.2727,0.0024,0.0004,0.0727,0.5817,0.0005
100,200.0,0.4,0.0047,0.2727,0.0024,0.0004,0.0727,0.5817,0.0005
100,200.0,0.45,0.0031,0.2,0.0016,0.0004,0.0727,0.5817,0.0005
100,200.0,0.5,0.0016,0.125,0.0008,0.0003,0.0727,0.5817,0.0004
100,200.0,0.55,0.0016,0.125,0.0008,0.0003,0.0727,0.5817,0.0004
100,200.0,0.6,0.0016,0.125,0.0008,0.0003,0.0727,0.5817,0.0004
100,200.0,0.65,0.0016,0.125,0.0008,0.0003,0.0727,0.5817,0.0004
100,200.0,0.7,0.0016,0.125,0.0008,0.0003,0.0727,0.5817,0.0004
100,200.0,0.75,0.0016,0.125,0.0008,0.0003,0.0727,0.5817,0.0004
100,200.0,0.8,0.0016,0.5,0.0008,0.0,0.0727,0.5817,0.0001
100,200.0,0.85,0.0016,1.0,0.0008,0.0,0.0727,0.5817,0.0
100,200.0,0.9,0.0,0.0,0.0,0.0,0.0727,0.5817,0.0
300,600.0,0.05,0.0,0.0,0.0,0.0005,0.0739,0.6052,0.0005
300,600.0,0.1,0.0,0.0,0.0,0.0005,0.0739,0.6052,0.0005
300,600.0,0.15,0.0,0.0,0.0,0.0005,0.0739,0.6052,0.0005
300,600.0,0.2,0.0,0.0,0.0,0.0005,0.0739,0.6052,0.0005
300,600.0,0.25,0.0,0.0,0.0,0.0005,0.0739,0.6052,0.0005
300,600.0,0.3,0.0,0.0,0.0,0.0005,0.0739,0.6052,0.0005
300,600.0,0.35,0.0,0.0,0.0,0.0005,0.0739,0.6052,0.0005
300,600.0,0.4,0.0,0.0,0.0,0.0005,0.0739,0.6052,0.0005
300,600.0,0.45,0.0,0.0,0.0,0.0005,0.0739,0.6052,0.0005
300,600.0,0.5,0.0,0.0,0.0,0.0005,0.0739,0.6052,0.0005
300,600.0,0.55,0.0,0.0,0.0,0.0005,0.0739,0.6052,0.0005
300,600.0,0.6,0.0,0.0,0.0,0.0005,0.0739,0.6052,0.0005
300,600.0,0.65,0.0,0.0,0.0,0.0005,0.0739,0.6052,0.0005
300,600.0,0.7,0.0,0.0,0.0,0.0005,0.0739,0.6052,0.0005
300,600.0,0.75,0.0,0.0,0.0,0.0004,0.0739,0.6052,0.0004
300,600.0,0.8,0.0,0.0,0.0,0.0002,0.0739,0.6052,0.0002
300,600.0,0.85,0.0,0.0,0.0,0.0,0.0739,0.6052,0.0
300,600.0,0.9,0.0,0.0,0.0,0.0,0.0739,0.6052,0.0
