Model,Task,K,Horizon_sec,Test_Samples,Positive_Samples,PR_AUC,ROC_AUC,Precision,Recall,F1,FPR,State_MAE,State_MSE,Onset_Recall,Median_Lead_Time,False_Alarms_Hour
Persistence,Continuation,1,2.0,63858,18565,0.9996,0.9997,0.9996,0.9996,0.9996,0.0002,0.1924,0.6255,0.0,0.0s,0.0
Persistence,Continuation,10,20.0,63858,18565,0.9307,0.977,0.9307,0.9307,0.9307,0.0138,0.3243,1.075,0.0,0.0s,0.0
Persistence,Continuation,50,100.0,63858,18565,0.986,0.9901,0.986,0.986,0.986,0.0058,N/A,N/A,0.0,0.0s,0.0
Persistence,Continuation,100,200.0,63858,18565,0.9766,0.9807,0.9726,0.9726,0.9726,0.0112,N/A,N/A,0.0,0.0s,0.0
Persistence,Continuation,300,600.0,63858,18565,0.9186,0.9424,0.9186,0.9186,0.9186,0.0337,N/A,N/A,0.0,0.0s,0.0
Random_Forest,Continuation,1,2.0,63858,18565,0.614,0.8032,0.7703,0.178,0.2892,0.0153,N/A,N/A,0.143,2.0s,27.5
Random_Forest,Continuation,10,20.0,63858,18565,0.5715,0.7762,0.4292,0.8433,0.5688,0.3204,N/A,N/A,0.286,14.0s,576.7
Random_Forest,Continuation,50,100.0,63858,18565,0.542,0.765,0.5682,0.6676,0.6139,0.145,N/A,N/A,0.429,58.0s,261.0
Random_Forest,Continuation,100,200.0,63858,18565,0.518,0.751,0.4022,0.9114,0.5581,0.387,N/A,N/A,0.571,112.0s,696.6
Random_Forest,Continuation,300,600.0,63858,18565,0.461,0.722,0.551,0.3697,0.4425,0.086,N/A,N/A,0.286,180.0s,154.8
Logistic_Regression,Continuation,1,2.0,63858,18565,0.5038,0.7274,0.6201,0.178,0.2766,0.0315,N/A,N/A,0.0,0.0s,56.7
Logistic_Regression,Continuation,10,20.0,63858,18565,0.4037,0.6699,0.3572,0.2506,0.2945,0.129,N/A,N/A,0.143,10.0s,232.2
Transformer,Continuation,100,200.0,63858,18565,0.3724,0.6316,0.3654,0.2965,0.3274,0.1478,0.288,0.6257,0.286,84.0s,266.0
Dense_RSSM (Trained),Continuation,1,2.0,63858,18565,0.5498,0.7644,0.8486,0.0966,0.1735,0.0071,0.2361,0.4611,0.0,0.0s,9.83
Dense_RSSM (Trained),Continuation,10,20.0,63858,18565,0.4736,0.7264,0.8825,0.0627,0.1171,0.0034,0.2831,0.6969,0.0,0.0s,10.98
Dense_RSSM (Trained),Continuation,50,100.0,63858,18565,0.4024,0.6498,0.6318,0.0319,0.0607,0.0076,0.282,0.745,0.286,14.0s,15.0
Dense_RSSM (Trained),Continuation,100,200.0,63858,18565,0.4909,0.7396,0.8302,0.0282,0.0545,0.0024,0.2844,0.6646,0.286,14.0s,15.0
Dense_RSSM (Trained),Continuation,300,600.0,63858,18565,0.4653,0.7334,0.7158,0.0149,0.0292,0.0024,0.2919,0.6793,0.286,14.0s,15.0
