session_id,source_flows,total_states,attack_states,benign_states,pct_empty_states_overall,pct_empty_states_benign,pct_empty_states_attack,mean_flows_per_state,median_flows_per_state,std_flows_per_state,min_flows,p5_flows,p25_flows,p50_flows,p75_flows,p95_flows,max_flows,atk_mean_flows,atk_median_flows,atk_p95_flows,ben_mean_flows,ben_median_flows,ben_p95_flows
Friday-02-03-2018,1048575,21595,10218,11377,27.24,51.7,0.0,242.71,214.0,239.12,0,0.0,0.0,214.0,322.0,677.3,2498,374.97,286.0,787.0,123.93,0.0,434.0
Friday-16-02-2018,1048574,21532,1486,20046,88.48,95.04,0.0,243.49,0.0,3099.46,0,0.0,0.0,0.0,0.0,340.0,65182,3527.06,640.0,45419.2,0.08,0.0,0.0
Friday-23-02-2018,1048575,21595,1289,20306,22.81,24.26,0.0,242.74,213.0,215.2,0,0.0,123.0,213.0,331.0,649.3,2122,331.78,257.0,774.0,237.09,210.0,643.0
Thursday-01-03-2018,331100,21595,4658,16937,21.16,26.98,0.0,76.65,48.0,162.59,0,0.0,24.0,48.0,89.0,221.0,4361,137.33,74.0,302.0,59.97,41.0,200.0
Thursday-15-02-2018,1048575,21595,1702,19893,20.63,22.4,0.0,242.75,205.0,222.49,0,0.0,84.0,205.0,344.0,671.0,1811,532.96,467.5,1045.9,217.92,189.0,584.0
Thursday-22-02-2018,1048566,21595,809,20786,23.86,24.79,0.0,242.74,202.0,237.11,0,0.0,101.0,202.0,329.0,677.0,2063,393.08,303.0,945.0,236.89,198.0,665.0
Wednesday-14-02-2018,1048570,21595,5647,15948,24.64,33.36,0.0,242.75,158.0,253.43,0,0.0,16.0,158.0,428.0,720.3,1714,562.6,513.0,898.0,129.49,70.0,452.6
Wednesday-21-02-2018,1048575,15823,1390,14433,80.02,87.73,0.0,331.34,0.0,1570.69,0,0.0,0.0,0.0,0.0,27.0,8007,3767.99,36.5,7995.0,0.37,0.0,2.0
Wednesday-28-02-2018,613071,21595,3998,17597,21.2,26.02,0.0,141.94,92.0,229.42,0,0.0,33.0,92.0,171.0,431.0,4220,263.76,152.0,722.5,114.26,80.0,379.0
