Criterion,Candidate A: Official CSE-CIC-IDS2018,Candidate B: NF-CSE-CIC-IDS2018-v2 (UQ),Candidate C: CSE-CIC-IDS2018 Improved (DistriNet),Candidate D: Kaggle chethuhn (CIC-IDS2017),Candidate E: Multi-Dataset CIC Collection (17/18/19),Candidate F: BigFlow-NIDS (Mendeley 2026),Candidate G: DARPA 1998 (Week 1 / Week 2)
1. Authenticity & Provenance,Verified Authentic,Verified Authentic,Verified Authentic,Verified Authentic (CIC-IDS2017),Mixed Benchmarks,Verified Secondary Derivative,Verified Historical PCAP
2. Original Source Organization,UNB & CSE Canada (2018),University of Queensland (2022),DistriNet / KU Leuven (2021),ISCX / UNB (Uploaded by Chethuhn),UNB Multi-Year Archives,Mendeley Data Repository (2026),DARPA / MIT Lincoln Lab (1998)
3. Number of Recorded Flows,"16,233,002","18,893,708","16,233,002 (Patched)","2,830,743",">30,000,000",">20,000,000","190,375 Windows (Week 1)"
4. Number of Telemetry Features,80,43 NetFlow + Attack + Label,80 (Cleaned CICFlowMeter),79 + Label,Varying Schema (79 to 85),Harmonized Subset (~30-40),47 Extracted Features
5. Feature Calculation Quality,Good (Needs NaN/Inf Clean),Pre-Cleaned & Imputed,Scientifically Corrected,Raw Uncleaned,Inconsistent Across Years,Pre-Cleaned,Extracted via Scapy
6. Feature Semantics & Network Coverage,"Layer 3, 4, and 7 Flow Telemetry",Strict NetFlow v9 RFC Standards,"Layer 3, 4, 7 Flow Telemetry","Layer 3, 4 Flow Telemetry",Heterogeneous Network Features,Generalized NetFlow Telemetry,Simulated 1998 Packet Telemetry
7. Timestamp Availability,Explicit Timestamp (dd/MM/yyyy HH:mm:ss),Flow Summary Durations (Timestamps Stripped),Cleaned Datetime Timestamps,Timestamp String in CSV,Different Timezones & Formats,Standardized Epoch Floats,Epoch Timestamps (1998)
8. Chronological Ordering Integrity,Monotonic Chronological Days,Preserved Flow Sequence,Strict Chronological,Destroyed if Shuffled; Retrievable in Raw,Disjoint Time Periods,Artificially Concatenated,Continuous 10s Windows
9. Flow & Session Identity Tracking,"Dst Port, Protocol, Duration, Flow Rates","Full 4-Tuple (IPs, Ports, Proto)","Dst Port, Protocol, Flow Dynamics","Dst Port, Protocol, Flow Rates",Inconsistent Identifiers,Abstracted Flow Tuples,Simulated SunOS Network Tuples
10. Target Host Identity,Victim IPs in PCAP/Documentation,Internal Subnet Mapping,Documented Testbed Topology,Unknown (IPs Stripped in CSV),Incompatible Topologies,Abstracted Host IDs,Known Solaris Host IPs
11. Overall Attack Diversity,Very High (14 Attack Types),High (6 Grouped Attack Families),Very High (14 Attack Types),High (15 Attack Classes),Extreme (All CIC Attacks),High (Merged Benchmarks),Very Low (Obsolete 1998 Exploits)
12. Multi-Stage Infiltration Scenario,Yes (Feb 28 & Mar 01 Multi-Hour),"Yes (116,361 Flows Grouped)",Yes (Cleaned Infiltration Labels),Yes (36 Flows on Thursday),Yes (From 2018 Component),Partial,No Modern Infiltration
13. Brute Force (SSH/FTP/Web),Yes (FTP & SSH Patator),"Yes (120,912 Flows)",Yes (Patator Attacks),Yes (FTP & SSH Patator),Yes (Multiple Tools),Yes,Telnet dict_simple Only
14. Botnet (C2 Communication),Yes (ARES Botnet),"Yes (143,097 Flows)",Yes (ARES C2),Yes (ARES Botnet),Yes (Multiple Botnets),Yes,None
"15. DoS (Hulk, GoldenEye, Slowloris)","Yes (Hulk, GoldenEye, Slowloris)",Yes (Grouped in DoS/DDoS),"Yes (Cleaned Hulk, Slowloris)","Yes (Hulk, GoldenEye, Slowloris)",Yes (Comprehensive),Yes,"Smurf, Neptune (SYN flood), Teardrop, PoD"
"16. DDoS (LOIC, HOIC)","Yes (LOIC-HTTP, LOIC-UDP, HOIC)","Yes (1,874,269 Flows)","Yes (LOIC, HOIC)",Yes (DDoS LOIC),Yes (Extensive),Yes,None (Modern DDoS Absent)
"17. Web Attacks (SQLi, XSS, BruteForce)","Yes (SQLi, XSS, Brute Force)","Yes (3,502 Flows)",Yes (Cleaned Web Attack Labels),"Yes (Brute Force, XSS, SQLi)",Yes,Yes,None (Web Attacks Absent)
18. Reconnaissance & PortScan,Yes (Embedded in Infiltration/Bot),Embedded in Scans,Yes (Scan Flows),"Yes (158,930 PortScan Flows)",Yes,Yes,Portsweep Only
19. Benign Traffic Volume & Ratio,~13.4M Benign Flows (~83%),"16,635,567 Flows (88.05%)",~83% Benign Traffic,~2.27M Benign Flows (~80%),Massive Benign Traffic,>85% Benign,"189,032 Windows (99.3%)"
20. Missing Values Presence,"2,277 in Flow Byts/s (Fixed by Imputer)",0 (Pre-cleaned),Zero (Handled via Corrected Parser),"2,880 in Flow Byts/s",Severe Discrepancies,0 (Cleaned),0
21. Infinite Values (Div by Zero),"5,371 in Rates (Fixed by Clamping)",0 (Pre-cleaned),Zero (Handled via Corrected Parser),Infs in Packet/Byte Rates,Severe Infs,0 (Cleaned),0
22. Duplicate Records Handling,Legitimate Bursts (Retained for Rate),Deduplicated across Identifiers,Preserved with Timestamp Order,288k Duplicate Vectors,Millions of Multi-Year Duplicates,Deduplicated,0 (Continuous Window States)
23. Known Ground-Truth Labeling Errors,"Minor (~1% in Web, Fixable)",Corrected to NetFlow Ground Truth,Corrected ~7.5% Mislabeled Flows,Encoding Bugs on Web Attacks,Conflicting Class Definitions,Harmonized Class Mappings,Verified via BSM Audit Logs
24. Known Feature Extraction Errors,Handled by Fixed Imputer,Minimal (Standard NetFlow Parser),Patched CICFlowMeter Engine,Known CICFlowMeter-V1 Bug,Multi-Version CICFlowMeter Drift,Standardized Exporter,Manual Feature Extraction
25. Preprocessing & Cleaning Status,Raw CSVs Require Parquet Conversion,Pre-Formatted Clean Parquet,Fully Cleaned & Audited,Raw Uncleaned State,Unstandardized Aggregation,Parquet Formatted,Extracted to Parquet
26. Temporal Forecasting Suitability,EXCELLENT (True Timeline),Moderate (Requires Sequential Re-Indexing),EXCELLENT (True Timeline + Fixed Labels),Moderate (Only if Chronologically Restored),POOR (Temporal Gaps Between Years),Moderate (Cross-Dataset Gaps),POOR (Synthetically Scripted 1998)
27. Multi-Step Horizon Suitability (t+K),EXCELLENT (Continuous Days),Moderate (Feature-Space Rollout),EXCELLENT,Moderate,POOR (Disjoint Sequences),Moderate,POOR
28. MITRE ATT&CK Mapping Suitability,HIGH (Direct Mapping to 9 Tactics),Good (Technique Mapping by Family),VERY HIGH (Cleanest Ground Truth),High (Standard 2017 Classes),Moderate (Harmonization Drift),Moderate (Simplified Taxonomy),POOR (Obsolete Solarís Exploits)
29. Computational & Storage Practicality,Manageable (~8GB CSV -> ~1.8GB Parquet),Highly Optimized (~1.2 GB Parquet),Moderate (~8 GB Processed),Very Light (~350 MB Compressed),Very High (>25 GB Combined),High (~5 GB Parquet),Lightweight (~25 MB Parquet)
30. Reproducibility & Open Access,100% Open Access on AWS,Open via UQ eSpace & Kaggle,Open Research Scripts & Data,Open Access on Kaggle,Scattered Across Repositories,Open via Mendeley Data,Public Domain (1998)
31. Documentation & Academic Citations,Comprehensive (Whitepaper & UNB),Peer-Reviewed (IEEE TNSM / MoNA),Top-Tier Cybersecurity Research,Heavily Cited Benchmark,Multiple Academic Papers,Recent 2026 Dataset Publication,"Historically Seminal, Now Obsolete"
32. Open Source License / Terms,Open for Academic & Research Use,Creative Commons Attribution,Open Academic License,Open Dataset,Mixed Academic Licenses,Creative Commons Attribution,Public Domain
33. Overall Scientific Credibility,GOLD STANDARD BENCHMARK,VERY HIGH (Standard NetFlow),HIGHEST GROUND-TRUTH ACCURACY,VALUABLE FOR EXTERNAL VALIDATION,RISK OF DOMAIN FINGERPRINTING,GOOD FOR CROSS-DATASET VALIDATION,UNSUITABLE FOR MODERN NIDS
