filename,total_rows,total_columns,timestamp_min,timestamp_max,coverage_hours,unique_labels_count,labels_distribution,nan_values_count,infinity_values_count,negative_duration_count,zero_duration_count,repeated_header_rows,out_of_order_timestamps,duplicate_timestamps,max_time_gap_seconds
Friday-02-03-2018_TrafficForML_CICFlowMeter.csv,1048575,80,2018-03-02 01:00:00,2018-03-02 12:59:59,12.00,2,"{'Benign': 762384, 'Bot': 286191}",2558,5542,0,4050,0,292106,276706,43198.0
Friday-16-02-2018_TrafficForML_CICFlowMeter.csv,1048574,80,2018-02-16 01:00:32,2018-02-16 12:58:24,11.96,3,"{'Benign': 446772, 'DoS attacks-SlowHTTPTest': 139890, 'DoS attacks-Hulk': 461912}",0,0,0,0,1,268941,506116,41620.0
Friday-23-02-2018_TrafficForML_CICFlowMeter.csv,1048575,80,2018-02-23 01:00:00,2018-02-23 12:59:59,12.00,4,"{'Benign': 1048009, 'Brute Force -Web': 362, 'Brute Force -XSS': 151, 'SQL Injection': 53}",3754,7662,0,5708,0,378363,148938,43190.0
Thursday-01-03-2018_TrafficForML_CICFlowMeter.csv,331100,80,2018-03-01 01:00:00,2018-03-01 12:59:59,12.00,2,"{'Benign': 238037, 'Infilteration': 93063}",1834,4004,0,2919,25,37824,217761,43110.0
Thursday-15-02-2018_TrafficForML_CICFlowMeter.csv,1048575,80,2018-02-15 01:00:00,2018-02-15 12:59:59,12.00,3,"{'Benign': 996077, 'DoS attacks-GoldenEye': 41508, 'DoS attacks-Slowloris': 10990}",4921,11133,0,8027,0,382967,178932,43198.0
Thursday-22-02-2018_TrafficForML_CICFlowMeter.csv,1048575,80,1970-01-10 03:04:26,2018-02-22 12:59:59,421809.93,4,"{'Benign': 1048213, 'Brute Force -Web': 249, 'Brute Force -XSS': 79, 'SQL Injection': 34}",3569,7651,9,5610,0,380319,146676,1518310595.0
Wednesday-14-02-2018_TrafficForML_CICFlowMeter.csv,1048575,80,1970-01-05 03:01:17,2018-02-14 12:59:59,421737.98,3,"{'Benign': 667626, 'FTP-BruteForce': 193360, 'SSH-Bruteforce': 187589}",2277,5371,5,3824,0,289765,392042,1517618097.0
Wednesday-21-02-2018_TrafficForML_CICFlowMeter.csv,1048575,80,2018-02-21 01:55:46,2018-02-21 10:43:21,8.79,3,"{'Benign': 360833, 'DDOS attack-LOIC-UDP': 1730, 'DDOS attack-HOIC': 686012}",0,0,0,0,0,4056,1038336,7658.0
Wednesday-28-02-2018_TrafficForML_CICFlowMeter.csv,613071,80,2018-02-28 01:00:00,2018-02-28 12:59:59,12.00,2,"{'Benign': 544200, 'Infilteration': 68871}",4041,8297,0,6169,33,237535,86014,43184.0
